-- phpMyAdmin SQL Dump
-- version 4.9.5
-- https://www.phpmyadmin.net/
--
-- Host: db5000468773.hosting-data.io
-- Generation Time: Jul 05, 2020 at 03:37 PM
-- Server version: 5.7.30-log
-- PHP Version: 7.0.33-0+deb9u7

SET SQL_MODE = "NO_AUTO_VALUE_ON_ZERO";
SET AUTOCOMMIT = 0;
START TRANSACTION;
SET time_zone = "+00:00";


/*!40101 SET @OLD_CHARACTER_SET_CLIENT=@@CHARACTER_SET_CLIENT */;
/*!40101 SET @OLD_CHARACTER_SET_RESULTS=@@CHARACTER_SET_RESULTS */;
/*!40101 SET @OLD_COLLATION_CONNECTION=@@COLLATION_CONNECTION */;
/*!40101 SET NAMES utf8mb4 */;

--
-- Database: `dbs449178`
--
CREATE DATABASE IF NOT EXISTS `dbs449178` DEFAULT CHARACTER SET utf8 COLLATE utf8_general_ci;
USE `dbs449178`;

-- --------------------------------------------------------

--
-- Table structure for table `assignments`
--

CREATE TABLE `assignments` (
  `id` bigint(20) UNSIGNED NOT NULL,
  `unit_id` int(11) NOT NULL,
  `name` varchar(255) COLLATE utf8mb4_unicode_ci NOT NULL,
  `description` mediumtext COLLATE utf8mb4_unicode_ci NOT NULL,
  `assignment_type_id` int(11) NOT NULL,
  `link` varchar(255) COLLATE utf8mb4_unicode_ci NOT NULL,
  `order` int(11) NOT NULL,
  `created_at` timestamp NULL DEFAULT NULL,
  `updated_at` timestamp NULL DEFAULT NULL
) ENGINE=InnoDB DEFAULT CHARSET=utf8mb4 COLLATE=utf8mb4_unicode_ci;

--
-- Dumping data for table `assignments`
--

INSERT INTO `assignments` (`id`, `unit_id`, `name`, `description`, `assignment_type_id`, `link`, `order`, `created_at`, `updated_at`) VALUES
(1, 13, 'Assignment 1', '<p>In this section you will learn about:</p>\r\n\r\n<ul>\r\n	<li>What is a bookkeeper?</li>\r\n	<li>Bookkeeping terminology</li>\r\n	<li>Documents used in buying and selling</li>\r\n</ul>', 1, 'L1_Access_BK_A1.php', 1, '2020-05-09 00:58:03', '2020-05-09 00:58:03'),
(2, 13, 'Assignment 2', '<p>In this section you will learn about:</p>\r\n\r\n<ul>\r\n	<li>Avoiding errors</li>\r\n	<li>Recording financial transaction</li>\r\n</ul>', 1, 'L1_Access_BK_A2.php', 2, '2020-05-09 00:58:51', '2020-05-09 00:58:51'),
(3, 13, 'Assignment 3', '<p>The final section of this unit covers:</p>\r\n\r\n<ul>\r\n	<li>The dual effect of transaction</li>\r\n	<li>The cash book and bank statement</li>\r\n</ul>', 1, 'L1_Access_BK_A3.php', 3, '2020-05-09 00:59:44', '2020-05-09 00:59:44'),
(4, 13, 'Practice Assessment', '<p>You have completed the assignments for the this unit. You are now ready for your Practice Assessment.&nbsp;</p>', 2, 'L1_Access_BK_PA1.php', 4, '2020-05-09 01:04:09', '2020-05-09 01:04:09'),
(5, 1, 'Assignment 1', '<p>In this section you will learn about:</p>\r\n\r\n<ul>\r\n	<li>What is a bookkeeper?</li>\r\n	<li>Bookkeeping terminology</li>\r\n	<li>Documents used in buying and selling</li>\r\n</ul>', 1, 'L1_Access_BK_A1.php', 1, '2020-05-09 19:32:40', '2020-05-09 19:32:40'),
(6, 14, 'Assignment 1', '<p>In this section you will learn about:</p>\r\n\r\n<ul>\r\n	<li>Accounting roles and transactions</li>\r\n	<li>Selling goods and services</li>\r\n	<li>VAT</li>\r\n	<li>Recording sales and sales returns.</li>\r\n</ul>', 1, 'L2_BTRN_A1_Addition.php', 1, '2020-05-12 07:37:39', '2020-05-12 07:37:39'),
(7, 14, 'Assignment 2', '<p>In this section you will learn about:</p>\r\n\r\n<ul>\r\n	<li>Cash receipts and cash sales</li>\r\n	<li>Recording Purchases</li>\r\n</ul>', 1, 'L2_BTRN_A2_Addition.php', 2, '2020-05-12 07:38:49', '2020-05-12 07:38:49'),
(9, 14, 'Practice Assessment', '<p>We have produced these online assignments to help you get used to the idea of entering your answers into a computer rather than writing them on a piece of paper.</p>\r\n\r\n<p>We have tried to replicate the &quot;look&quot; and &quot;feel&quot; of the AAT assessments in our assignments in order to give you as much practice as possible in preparation for your assessments. If you are ready to take your assignment then click the button below to start.</p>', 2, 'L2_BTRN_PA1.php', 4, '2020-05-12 07:41:47', '2020-05-20 20:59:21'),
(10, 14, 'Assignment 3', '<p>The final section of this unit covers</p>\r\n\r\n<ul>\r\n	<li>Making payments</li>\r\n	<li>Petty Cash</li>\r\n	<li>The Trial Balance and the Accounting Equation.</li>\r\n	<li>Petty Cash</li>\r\n</ul>', 1, 'L2_BTRN_A3_Addition.php', 3, '2020-05-20 20:59:16', '2020-05-20 20:59:21'),
(11, 19, 'Assignment 1', '<p>In this section you will learn about:</p>\r\n\r\n<ul>\r\n	<li>What is accounting</li>\r\n	<li>Principles of double entry</li>\r\n	<li>The trial balance</li>\r\n</ul>', 1, 'L3_AVBK_A1.php', 1, '2020-05-21 13:15:09', '2020-05-21 13:21:58'),
(12, 19, 'Assignment 2', '<p>In this section you will learn about:</p>\r\n\r\n<ul>\r\n	<li>Control accounts</li>\r\n	<li>Non-current Asset Purchase and Maintenance</li>\r\n	<li>Selling Non-current Assets</li>\r\n</ul>', 1, 'L3_AVBK_A2.php', 2, '2020-05-21 13:15:38', '2020-05-21 13:22:56'),
(13, 19, 'Assignment 3', '<p>The final section of this unit covers:</p>\r\n\r\n<ul>\r\n	<li>Accruals and Prepayments</li>\r\n	<li>Irrecoverable Debts</li>\r\n	<li>The Extended Trial Balance</li>\r\n	<li>Accounting Principles</li>\r\n	<li>Correcting Journals and the Suspense Accounts.</li>\r\n</ul>', 1, 'L3_AVBK_A3.php', 3, '2020-05-21 13:17:43', '2020-05-21 13:23:19'),
(14, 19, 'Practice Assessment', '<p>You have completed the assignments for the this unit. You are now ready for your Practice Assessment. Please click the button below to access it.</p>', 2, 'L3_AVBK_PA1.php', 4, '2020-05-21 13:18:27', '2020-05-21 13:23:35'),
(16, 20, 'Assignment 1', '<p>In this section you will learn about:</p>\r\n\r\n<ul>\r\n	<li>Financial Statements</li>\r\n	<li>Accounting from Incomplete Records</li>\r\n</ul>', 1, 'L3_FAPR_A1.php', 1, '2020-05-21 16:30:24', '2020-05-21 16:30:24'),
(17, 20, 'Assignment 2', '<p>In this section you will learn about:</p>\r\n\r\n<ul>\r\n	<li>Year End Adjustments</li>\r\n</ul>', 1, 'L3_FAPR_A2.php', 2, '2020-05-21 16:35:18', '2020-05-21 16:35:18'),
(18, 20, 'Assignment 3', '<p>The final section of this unit covers</p>\r\n\r\n<ul>\r\n	<li>Partnership Accounts</li>\r\n	<li>Changes to Partnerships</li>\r\n</ul>', 1, 'L3_FAPR_A3.php', 3, '2020-05-21 16:35:47', '2020-05-21 16:35:47'),
(19, 20, 'Practice Asessment', '<p>You have completed the assignments for the this unit. You are now ready for your Practice Assessment. Please click the button below to access it.</p>', 2, 'L3_FAPR_PA1.php', 4, '2020-05-21 16:36:32', '2020-05-21 16:36:32'),
(20, 15, 'Assignment 1', '<p>This section is about Control accounts and recording wages</p>\r\n\r\n<ul>\r\n	<li>You will learn about the Sales Ledger Control account and the Purchases Ledger Control account</li>\r\n	<li>You will learn about the VAT Control account</li>\r\n	<li>You will learn about how gross pay is made up.</li>\r\n	<li>You will learn about statutory and voluntary deductions</li>\r\n	<li>The unit covers how employees are paid (BACS, cheque, cash, etc.)</li>\r\n	<li>It also covers the double entry for wages transactions and the use and purpose of a Wages Control Account.</li>\r\n</ul>', 1, 'L2_BKCL_A1_Addition.php', 1, '2020-05-22 10:59:25', '2020-05-22 10:59:25'),
(21, 15, 'Assignment 2', '<p>In this section you will learn about:</p>\r\n\r\n<ul>\r\n	<li>Less common transactions</li>\r\n	<li>The cash book and bank statement</li>\r\n</ul>', 1, 'L2_BKCL_A2_Addition.php', 2, '2020-05-22 11:00:30', '2020-05-22 11:00:30'),
(22, 15, 'Assignment 3', '<p>In this section you will learn about:</p>\r\n\r\n<ul>\r\n	<li>Methods of payment</li>\r\n	<li>Journals and the trial balance</li>\r\n</ul>', 1, 'L2_BKCL_A3_Addition.php', 3, '2020-05-22 11:00:54', '2020-05-22 11:00:54'),
(23, 15, 'Practice Assessment', '<p>We have produced these online assignments to help you get used to the idea of entering your answers into a computer rather than writing them on a piece of paper.</p>\r\n\r\n<p>We have tried to replicate the &quot;look&quot; and &quot;feel&quot; of the AAT assessments in our assignments in order to give you as much practice as possible in preparation for your assessments. If you are ready to take your assignment then click the button below to start.</p>', 2, 'L2_BKCL_PA1.php', 4, '2020-05-22 11:01:55', '2020-05-22 11:01:55'),
(24, 16, 'Assignment 1', '<p>In this section you will learn about:</p>\r\n\r\n<ul>\r\n	<li>Identifying Costs</li>\r\n</ul>', 1, 'L2_ELCO_A1.php', 1, '2020-05-22 12:38:34', '2020-05-22 12:38:34'),
(25, 16, 'Assignment 2', '<p>In this section you will learn about:</p>\r\n\r\n<ul>\r\n	<li>Cost Centres and Cost Absorption</li>\r\n	<li>Material costs and labour costs</li>\r\n</ul>\r\n\r\n<p><!--?php echo \'Kalvin\'; ?--></p>', 1, 'L2_ELCO_A2.php', 2, '2020-05-22 12:39:17', '2020-05-22 13:25:24'),
(26, 16, 'Assignment 3', '<p>In this section you will learn about:</p>\r\n\r\n<ul>\r\n	<li>Budgets</li>\r\n	<li>Standard costs</li>\r\n</ul>', 1, 'L2_ELCO_A3.php', 3, '2020-05-22 12:39:44', '2020-05-22 12:39:44'),
(27, 16, 'Practice Assessment', '<p>You have completed the assignments for the this unit. You are now ready for your Practice Assessment. Please click the button below to access it.</p>', 2, 'L2_ELCO_PA1.php', 4, '2020-05-22 12:40:16', '2020-05-22 12:40:16'),
(28, 17, 'Assignment 1', '<p>This section is about:</p>\r\n\r\n<ul>\r\n	<li>Accounting and Finance in the Workplace</li>\r\n	<li>The Need for Efficient Accounting</li>\r\n	<li>Company Policies and Procedures</li>\r\n	<li>Ethics and Sustainability</li>\r\n</ul>', 1, 'L2_WEFN_A1.php', 1, '2020-05-22 13:32:37', '2020-05-22 13:32:37'),
(29, 17, 'Assignment 2', '<p>This section is about:</p>\r\n\r\n<ul>\r\n	<li>Working with Numbers</li>\r\n	<li>Presenting Data</li>\r\n</ul>', 1, 'L2_WEFN_A2.php', 2, '2020-05-22 13:33:02', '2020-05-22 13:33:02'),
(30, 17, 'Assignment 3', '<p>This section is about:</p>\r\n\r\n<ul>\r\n	<li>Methods of Communication</li>\r\n	<li>Organising your own Work</li>\r\n	<li>Team Working</li>\r\n	<li>Developing Skills and Knowledge</li>\r\n</ul>', 1, 'L2_WEFN_A3.php', 3, '2020-05-22 13:33:32', '2020-05-22 13:33:32'),
(31, 21, 'Assignment 1', '<p>In this section you will learn about:</p>\r\n\r\n<ul>\r\n	<li>An introduction to cost accounting</li>\r\n	<li>Materials costs</li>\r\n	<li>Labour costs</li>\r\n	<li>Expenses</li>\r\n	<li>Overheads</li>\r\n</ul>', 1, 'L3_MMAC_A1.php', 1, '2020-05-23 17:36:11', '2020-05-23 17:36:11'),
(32, 21, 'Assignment 2', '<p>In this section you will learn about:</p>\r\n\r\n<ul>\r\n	<li>Methods of costing</li>\r\n	<li>Marginal and absorption costing</li>\r\n	<li>Aspects of budgeting</li>\r\n	<li>Short-term decisions</li>\r\n</ul>', 1, 'L3_MMAC_A2.php', 2, '2020-05-23 19:20:08', '2020-05-23 19:20:08'),
(33, 21, 'Assignment 3', '<p>The final section of this unit covers</p>\r\n\r\n<ul>\r\n	<li>&nbsp;Long-term decisions</li>\r\n</ul>', 1, 'L3_MMAC_A3.php', 3, '2020-05-23 19:21:50', '2020-05-23 19:21:50'),
(34, 21, 'Practice Assessment', '<p>You have completed the assignments for the this unit. You are now ready for your Practice Assessment. Please click the button below to access it.</p>', 2, 'L3_MMAC_PA1.php', 4, '2020-05-23 19:22:32', '2020-05-23 19:22:32'),
(35, 22, 'Assignment 1', '<p>In this section you will learn about:</p>\r\n\r\n<ul>\r\n	<li>How VAT is applied in the UK</li>\r\n	<li>VAT Invoices and Receipts</li>\r\n	<li>Special Conditions and Schemes</li>\r\n</ul>', 1, 'L3_IDRX_A1_FA19.php', 1, '2020-05-24 12:35:43', '2020-05-24 12:35:43'),
(36, 22, 'Assignment 2', '<p>In this section you will learn about:</p>\r\n\r\n<ul>\r\n	<li>Trading with other Countries</li>\r\n</ul>', 1, 'L3_IDRX_A2_FA19.php', 2, '2020-05-24 12:36:22', '2020-05-24 12:36:22'),
(37, 22, 'Assignment 3', '<p>The final section of this unit covers</p>\r\n\r\n<ul>\r\n	<li>The VAT Return and the VAT Control Account</li>\r\n	<li>VAT in Business</li>\r\n</ul>', 1, 'L3_IDRX_A3_FA19.php', 3, '2020-05-24 12:37:10', '2020-05-24 12:37:10'),
(38, 22, 'Practice Assessment', '<p>You have completed the assignments for the this unit. You are now ready for your Practice Assessment. Please click the button below to access it.</p>', 2, 'L3_IDRX_PA1_FA19.php', 4, '2020-05-24 12:40:25', '2020-05-24 12:40:25'),
(39, 23, 'Assignment 1', '<p>In this section you will learn about:</p>\r\n\r\n<ul>\r\n	<li>Spreadsheet worksheets</li>\r\n	<li>Spreadsheet basic maths</li>\r\n	<li>Basic spreadsheet functions</li>\r\n</ul>', 1, 'L3_SSAC_A1.php', 1, '2020-05-24 21:39:52', '2020-05-24 21:39:52'),
(40, 23, 'Assignment 2', '<p>In this section you will learn about:</p>\r\n\r\n<ul>\r\n	<li>Sorting data</li>\r\n	<li>Checking data</li>\r\n	<li>Improving data</li>\r\n</ul>', 1, 'L3_SSAC_A2.php', 2, '2020-05-24 21:40:39', '2020-05-24 21:40:39'),
(41, 23, 'Assignment 3', '<p>The final section of this unit covers:</p>\r\n\r\n<ul>\r\n	<li>Statistical functions</li>\r\n	<li>Charts</li>\r\n	<li>Pivot tables</li>\r\n</ul>', 1, 'L3_SSAC_A3.php', 3, '2020-05-24 21:41:29', '2020-05-24 21:41:29'),
(42, 26, 'Assignment 1', '<p>In this section you will learn about:</p>\r\n\r\n<ul>\r\n	<li>Management accounting techniques</li>\r\n	<li>Forecasting techniques</li>\r\n</ul>', 1, 'L4_MABU_A1.php', 1, '2020-05-24 22:15:36', '2020-05-24 22:15:36'),
(43, 26, 'Assignment 2', '<p>In this section you will learn about:</p>\r\n\r\n<ul>\r\n	<li>Functional budgets</li>\r\n	<li>Master budgets</li>\r\n	<li>Revising budgets</li>\r\n</ul>', 1, 'L4_MABU_A2_2019.php', 2, '2020-05-24 22:16:22', '2020-05-24 22:16:22'),
(44, 26, 'Assignment 3', '<p>The final section of this unit covers:</p>\r\n\r\n<ul>\r\n	<li>Monitoring &amp; controlling performance with budgets</li>\r\n</ul>', 1, 'L4_MABU_A3.php', 3, '2020-05-24 22:16:54', '2020-05-24 22:16:54'),
(45, 26, 'Practice Assessment 1', '<p>You have completed the assignments for the this unit. You are now ready for your Practice Assessment. Please click the button below to access it.</p>', 2, 'L4_MABU_PA2.php', 4, '2020-05-24 22:17:25', '2020-05-24 22:17:25'),
(46, 26, 'Practice Assessment 2', '<p>You have completed the assignments for the this unit. You are now ready for your Practice Assessment. Please click the button below to access it.</p>', 2, 'L4_MABU_PA1.php', 5, '2020-05-24 22:18:01', '2020-05-24 22:18:01'),
(47, 31, 'Assignment 1', '<p>In this section you will learn about:<br />\r\n&bull;&nbsp;&nbsp;An Introduction to Taxation<br />\r\n&bull;&nbsp;&nbsp;Income from Employment<br />\r\n&bull;&nbsp;&nbsp;Benefits in Kind (Cars)<br />\r\n&bull;&nbsp;&nbsp;Benefits in Kind (Other)<br />\r\n&bull;&nbsp;&nbsp;Allowable Expenses</p>', 1, 'L4_PLTX_A1_Premier.php', 1, '2020-05-25 12:55:06', '2020-05-25 12:55:06'),
(48, 31, 'Assignment 2', '<p>In this section you will learn about:<br />\r\n&bull;&nbsp;&nbsp;Property Income<br />\r\n&bull;&nbsp;&nbsp;Savings and Dividend Income<br />\r\n&bull;&nbsp;&nbsp;The Tax Calculation</p>', 1, 'L4_PLTX_A2_Premier.php', 2, '2020-05-25 12:56:27', '2020-05-25 12:56:27'),
(49, 31, 'Assignment 3', '<p>In this section you will learn about:<br />\r\n&bull;&nbsp;&nbsp;Capital Gains Tax<br />\r\n&bull;&nbsp;&nbsp;Inheritance Tax<br />\r\n&bull;&nbsp;&nbsp;Paying Tax<br />\r\n&bull;&nbsp;&nbsp;National Insurance<br />\r\n&bull;&nbsp;&nbsp;Tax Administration</p>', 1, 'L4_PLTX_A3_Premier.php', 3, '2020-05-25 12:57:05', '2020-05-25 12:57:05'),
(50, 31, 'Practice Assessment', '<p>Now you have completed the three assignments set for this unit, it&rsquo;s time to put your learning into practice by attempting our Practice Assessment.</p>', 2, 'L4_PLTX_PA1_Premier.php', 4, '2020-05-25 12:57:51', '2020-05-25 12:57:51'),
(51, 32, 'Assignment 1', '<p>In this section you will learn about:<br />\r\n&bull;&nbsp;&nbsp;An Introduction to Business Taxation<br />\r\n&bull;&nbsp;&nbsp;Income From Self Employment<br />\r\n&bull;&nbsp;&nbsp;Basis Periods<br />\r\n&bull;&nbsp;&nbsp;Capital Allowances<br />\r\n&bull;&nbsp;&nbsp;Losses for Sole Traders and Partnerships<br />\r\n&bull;&nbsp;&nbsp;Partnerships<br />\r\n&bull;&nbsp;&nbsp;National Insurance<br />\r\n&bull;&nbsp;&nbsp;The Tax Return for the Self Employed and Partnerships</p>', 1, 'L4_BSTX_A1_FA19.php', 1, '2020-05-25 14:59:53', '2020-05-25 14:59:53'),
(52, 32, 'Assignment 2', '<p>In this section you will learn about:<br />\r\n&bull;&nbsp;&nbsp;Analyse Trading Profits and Losses for Tax Purposes<br />\r\n&bull;&nbsp;&nbsp;Calculate Capital Allowances for Limited Companies<br />\r\n&bull;&nbsp;&nbsp;Calculate Taxable Total Profits (TTP) and Corporation Tax Payable<br />\r\n&bull;&nbsp;&nbsp;The Corporation Tax Return - Filing, Payment and Penalties</p>', 1, 'L4_BSTX_A2_FA19.php', 2, '2020-05-25 15:00:21', '2020-05-25 15:00:21'),
(53, 32, 'Assignment 3', '<p>In this section you will learn about:<br />\r\n&bull;&nbsp;&nbsp;Capital Gains Tax for Individuals<br />\r\n&bull;&nbsp;&nbsp;Capital Gains Tax for Limited Companies<br />\r\n&bull;&nbsp;&nbsp;Responsibilities of the Tax Advisor and Key Issues in Taxation</p>', 1, 'L4_BSTX_A3_FA19.php', 3, '2020-05-25 15:00:59', '2020-05-25 15:00:59'),
(54, 32, 'Practice Assessment', '<p>Now you have completed the three assignments set for this unit, it&rsquo;s time to put your learning into practice by attempting our Practice Assessment.</p>', 2, 'L4_BSTX_PA1_FA19.php', 4, '2020-05-25 15:01:32', '2020-05-25 15:01:32');

-- --------------------------------------------------------

--
-- Table structure for table `assignment_helpsheets`
--

CREATE TABLE `assignment_helpsheets` (
  `id` bigint(20) UNSIGNED NOT NULL,
  `assignment_id` int(11) NOT NULL,
  `helpsheet_id` int(11) NOT NULL,
  `order` int(11) NOT NULL,
  `created_at` timestamp NULL DEFAULT NULL,
  `updated_at` timestamp NULL DEFAULT NULL
) ENGINE=InnoDB DEFAULT CHARSET=utf8mb4 COLLATE=utf8mb4_unicode_ci;

--
-- Dumping data for table `assignment_helpsheets`
--

INSERT INTO `assignment_helpsheets` (`id`, `assignment_id`, `helpsheet_id`, `order`, `created_at`, `updated_at`) VALUES
(2, 1, 2, 2, '2020-05-11 09:49:53', '2020-05-11 09:50:53'),
(4, 1, 1, 1, '2020-05-12 10:14:04', '2020-05-12 10:14:10'),
(5, 6, 3, 1, '2020-05-12 12:40:27', '2020-05-12 12:40:27'),
(6, 6, 1, 2, '2020-05-12 12:40:42', '2020-05-12 12:40:42'),
(7, 6, 4, 3, '2020-05-12 12:40:59', '2020-05-12 12:40:59'),
(8, 6, 5, 4, '2020-05-12 12:41:21', '2020-05-12 12:41:21'),
(9, 6, 6, 5, '2020-05-12 12:41:52', '2020-05-12 12:41:52'),
(10, 11, 8, 1, '2020-05-21 15:47:51', '2020-05-21 15:47:51'),
(11, 11, 9, 2, '2020-05-21 15:48:11', '2020-05-21 15:48:11'),
(12, 11, 10, 3, '2020-05-21 15:48:35', '2020-05-21 15:48:35'),
(13, 11, 11, 4, '2020-05-21 15:48:48', '2020-05-21 15:48:48'),
(23, 12, 12, 1, '2020-05-21 15:53:43', '2020-05-21 15:53:43'),
(24, 12, 13, 2, '2020-05-21 15:53:59', '2020-05-21 15:53:59'),
(25, 12, 14, 3, '2020-05-21 15:55:11', '2020-05-21 15:55:11'),
(26, 12, 15, 4, '2020-05-21 15:55:47', '2020-05-21 15:55:47'),
(27, 12, 16, 5, '2020-05-21 15:56:03', '2020-05-21 15:56:03'),
(28, 13, 17, 1, '2020-05-21 15:57:35', '2020-05-21 15:57:35'),
(29, 13, 18, 2, '2020-05-21 15:57:42', '2020-05-21 15:57:42'),
(30, 13, 19, 3, '2020-05-21 15:57:54', '2020-05-21 15:57:54'),
(31, 13, 20, 4, '2020-05-21 15:58:13', '2020-05-21 15:58:13'),
(32, 13, 21, 5, '2020-05-21 15:58:32', '2020-05-21 15:58:32'),
(33, 13, 22, 6, '2020-05-21 15:58:48', '2020-05-21 15:58:48'),
(34, 13, 23, 7, '2020-05-21 15:59:04', '2020-05-21 15:59:04'),
(35, 13, 24, 8, '2020-05-21 15:59:30', '2020-05-21 15:59:30'),
(36, 13, 25, 9, '2020-05-21 16:00:22', '2020-05-21 16:00:22'),
(37, 13, 26, 10, '2020-05-21 16:00:43', '2020-05-21 16:00:43'),
(38, 7, 7, 1, '2020-05-22 10:42:21', '2020-05-22 10:42:21'),
(39, 7, 27, 2, '2020-05-22 10:43:14', '2020-05-22 10:43:14'),
(40, 7, 28, 3, '2020-05-22 10:44:08', '2020-05-22 10:44:08'),
(43, 10, 7, 1, '2020-05-22 10:55:18', '2020-05-22 10:55:18'),
(44, 10, 29, 2, '2020-05-22 10:55:24', '2020-05-22 10:55:24'),
(45, 20, 30, 1, '2020-05-22 12:20:21', '2020-05-22 12:20:21'),
(46, 20, 31, 2, '2020-05-22 12:20:37', '2020-05-22 12:20:37'),
(47, 20, 32, 3, '2020-05-22 12:20:55', '2020-05-22 12:20:55'),
(48, 20, 33, 4, '2020-05-22 12:21:15', '2020-05-22 12:21:15'),
(49, 21, 10, 1, '2020-05-22 12:25:47', '2020-05-22 12:25:47'),
(50, 21, 2, 2, '2020-05-22 12:26:07', '2020-05-22 12:26:07'),
(51, 22, 25, 1, '2020-05-22 12:35:02', '2020-05-22 12:35:02'),
(52, 22, 26, 2, '2020-05-22 12:35:36', '2020-05-22 12:35:36'),
(54, 25, 34, 1, '2020-05-22 13:23:16', '2020-05-22 13:23:16'),
(55, 25, 35, 2, '2020-05-22 13:23:34', '2020-05-22 13:23:34'),
(56, 25, 36, 3, '2020-05-22 13:25:48', '2020-05-22 13:25:48'),
(57, 25, 37, 4, '2020-05-22 13:26:10', '2020-05-22 13:26:10'),
(58, 25, 38, 5, '2020-05-22 13:26:24', '2020-05-22 13:26:24'),
(59, 28, 3, 1, '2020-05-22 14:56:35', '2020-05-22 14:56:35'),
(60, 28, 39, 2, '2020-05-22 14:57:13', '2020-05-22 14:57:13'),
(61, 28, 40, 4, '2020-05-22 14:58:16', '2020-05-22 15:00:39'),
(62, 28, 41, 5, '2020-05-22 14:59:24', '2020-05-22 15:00:39'),
(63, 28, 42, 3, '2020-05-22 15:00:18', '2020-05-22 15:00:39'),
(64, 30, 43, 1, '2020-05-22 15:52:57', '2020-05-22 15:52:57'),
(65, 29, 44, 1, '2020-05-22 15:57:43', '2020-05-22 15:57:43'),
(66, 30, 45, 2, '2020-05-22 15:57:56', '2020-05-22 15:57:56'),
(67, 30, 46, 3, '2020-05-22 15:58:08', '2020-05-22 15:58:08'),
(68, 30, 47, 4, '2020-05-22 16:00:39', '2020-05-22 16:00:39'),
(69, 16, 48, 1, '2020-05-22 16:28:22', '2020-05-22 16:28:22'),
(70, 16, 49, 2, '2020-05-22 16:29:08', '2020-05-22 16:29:08'),
(71, 16, 50, 3, '2020-05-22 16:29:19', '2020-05-22 16:29:19'),
(73, 16, 52, 4, '2020-05-22 16:46:58', '2020-05-22 16:46:58'),
(74, 16, 53, 5, '2020-05-22 16:51:45', '2020-05-22 16:51:45'),
(75, 16, 54, 6, '2020-05-22 16:52:11', '2020-05-22 16:52:11'),
(76, 16, 55, 7, '2020-05-22 16:52:28', '2020-05-22 16:52:28'),
(77, 17, 56, 1, '2020-05-23 17:25:55', '2020-05-23 17:25:55'),
(78, 17, 57, 2, '2020-05-23 17:26:05', '2020-05-23 17:26:05'),
(79, 18, 58, 1, '2020-05-23 17:34:39', '2020-05-23 17:34:39'),
(80, 31, 59, 1, '2020-05-23 20:27:09', '2020-05-23 20:27:09'),
(81, 31, 60, 2, '2020-05-23 20:27:24', '2020-05-23 20:27:24'),
(82, 31, 61, 3, '2020-05-23 20:29:52', '2020-05-23 20:29:52'),
(83, 31, 36, 4, '2020-05-23 20:30:05', '2020-05-23 20:30:05'),
(84, 31, 62, 5, '2020-05-23 20:30:58', '2020-05-23 20:30:58'),
(85, 31, 63, 6, '2020-05-23 20:31:19', '2020-05-23 20:31:19'),
(86, 31, 64, 7, '2020-05-23 20:31:29', '2020-05-23 20:31:29'),
(87, 31, 65, 8, '2020-05-23 20:31:52', '2020-05-23 20:31:52'),
(88, 31, 66, 9, '2020-05-23 20:32:21', '2020-05-23 20:32:21'),
(89, 32, 67, 1, '2020-05-23 22:01:37', '2020-05-23 22:01:37'),
(90, 32, 68, 2, '2020-05-23 22:02:21', '2020-05-23 22:02:21'),
(91, 32, 69, 3, '2020-05-23 22:02:33', '2020-05-23 22:02:33'),
(92, 32, 70, 4, '2020-05-23 22:03:04', '2020-05-23 22:03:04'),
(93, 32, 71, 5, '2020-05-23 22:03:30', '2020-05-23 22:03:30'),
(94, 32, 72, 6, '2020-05-23 22:04:34', '2020-05-23 22:04:34'),
(95, 32, 73, 7, '2020-05-23 22:04:47', '2020-05-23 22:04:47'),
(96, 33, 74, 2, '2020-05-23 22:09:29', '2020-05-23 22:10:03'),
(97, 33, 75, 1, '2020-05-23 22:09:59', '2020-05-23 22:10:03'),
(98, 42, 66, 2, '2020-05-25 11:39:11', '2020-05-25 11:39:39'),
(99, 42, 76, 1, '2020-05-25 11:39:32', '2020-05-25 11:39:39'),
(100, 42, 77, 3, '2020-05-25 11:40:07', '2020-05-25 11:40:07'),
(101, 42, 78, 4, '2020-05-25 11:40:41', '2020-05-25 11:40:41'),
(102, 43, 79, 1, '2020-05-25 12:05:06', '2020-05-25 12:05:06'),
(103, 44, 80, 1, '2020-05-25 12:50:00', '2020-05-25 12:50:00'),
(104, 44, 81, 2, '2020-05-25 12:50:26', '2020-05-25 12:50:26');

-- --------------------------------------------------------

--
-- Table structure for table `assignment_resources`
--

CREATE TABLE `assignment_resources` (
  `id` bigint(20) UNSIGNED NOT NULL,
  `assignment_id` int(11) NOT NULL,
  `resource_id` int(11) NOT NULL,
  `order` int(11) NOT NULL,
  `created_at` timestamp NULL DEFAULT NULL,
  `updated_at` timestamp NULL DEFAULT NULL
) ENGINE=InnoDB DEFAULT CHARSET=utf8mb4 COLLATE=utf8mb4_unicode_ci;

--
-- Dumping data for table `assignment_resources`
--

INSERT INTO `assignment_resources` (`id`, `assignment_id`, `resource_id`, `order`, `created_at`, `updated_at`) VALUES
(1, 1, 2, 2, '2020-05-09 23:40:22', '2020-05-11 10:00:56'),
(2, 1, 3, 1, '2020-05-10 01:41:18', '2020-05-11 10:00:56'),
(3, 1, 4, 6, '2020-05-10 17:28:52', '2020-05-10 18:55:28'),
(4, 1, 5, 10, '2020-05-10 17:29:26', '2020-05-10 18:55:28'),
(5, 1, 6, 3, '2020-05-10 17:53:02', '2020-05-10 18:55:28'),
(6, 1, 7, 4, '2020-05-10 17:57:22', '2020-05-10 18:55:28'),
(7, 1, 8, 5, '2020-05-10 17:59:09', '2020-05-10 18:55:28'),
(8, 1, 9, 7, '2020-05-10 18:03:37', '2020-05-10 18:55:28'),
(9, 1, 10, 8, '2020-05-10 18:03:57', '2020-05-10 18:55:28'),
(10, 1, 11, 9, '2020-05-10 18:04:26', '2020-05-10 18:55:28'),
(11, 1, 12, 11, '2020-05-10 18:05:03', '2020-05-10 18:54:50'),
(12, 1, 13, 12, '2020-05-10 18:05:25', '2020-05-10 18:54:50'),
(13, 2, 14, 1, '2020-05-11 11:48:28', '2020-05-11 11:48:28'),
(14, 2, 15, 2, '2020-05-11 11:51:12', '2020-05-11 11:51:12'),
(15, 2, 16, 3, '2020-05-11 11:51:57', '2020-05-11 11:51:57'),
(16, 2, 17, 4, '2020-05-11 11:53:20', '2020-05-11 11:53:20'),
(17, 2, 18, 5, '2020-05-11 11:53:50', '2020-05-11 11:53:50'),
(18, 2, 19, 6, '2020-05-11 11:54:13', '2020-05-11 11:54:13'),
(19, 2, 20, 7, '2020-05-11 11:54:44', '2020-05-11 11:54:44'),
(20, 2, 21, 8, '2020-05-11 11:55:16', '2020-05-11 11:55:16'),
(21, 2, 22, 9, '2020-05-11 11:56:11', '2020-05-11 11:56:11'),
(22, 3, 23, 1, '2020-05-11 21:34:14', '2020-05-11 21:34:14'),
(23, 3, 24, 2, '2020-05-11 21:34:34', '2020-05-11 21:34:34'),
(24, 3, 25, 3, '2020-05-11 21:35:07', '2020-05-11 21:35:07'),
(25, 3, 26, 4, '2020-05-11 21:35:40', '2020-05-11 21:35:40'),
(26, 3, 27, 5, '2020-05-11 21:36:01', '2020-05-11 21:36:01'),
(27, 3, 28, 6, '2020-05-11 21:36:18', '2020-05-11 21:36:18'),
(31, 6, 29, 1, '2020-05-12 10:16:10', '2020-05-12 11:59:55'),
(32, 6, 30, 2, '2020-05-12 10:20:54', '2020-05-12 11:59:55'),
(33, 6, 31, 3, '2020-05-12 10:38:39', '2020-05-12 10:38:39'),
(34, 6, 32, 4, '2020-05-12 11:51:06', '2020-05-12 11:51:06'),
(35, 6, 33, 5, '2020-05-12 11:51:40', '2020-05-12 11:51:40'),
(36, 6, 34, 6, '2020-05-12 11:53:05', '2020-05-12 11:53:05'),
(37, 6, 35, 7, '2020-05-12 11:59:24', '2020-05-12 11:59:24'),
(38, 6, 36, 8, '2020-05-12 12:26:52', '2020-05-12 12:26:52'),
(39, 6, 37, 9, '2020-05-12 12:27:53', '2020-05-12 12:27:53'),
(40, 6, 38, 10, '2020-05-12 12:29:22', '2020-05-12 12:29:22'),
(41, 6, 39, 11, '2020-05-12 12:31:36', '2020-05-12 12:31:36'),
(42, 6, 40, 12, '2020-05-12 12:33:59', '2020-05-12 12:33:59'),
(43, 6, 41, 13, '2020-05-12 12:34:32', '2020-05-12 12:34:32'),
(44, 6, 42, 14, '2020-05-12 12:34:59', '2020-05-12 12:34:59'),
(45, 6, 43, 15, '2020-05-12 12:36:45', '2020-05-12 12:36:45'),
(46, 7, 44, 1, '2020-05-18 08:13:57', '2020-05-18 08:13:57'),
(48, 11, 46, 2, '2020-05-21 13:24:51', '2020-05-21 13:27:24'),
(49, 11, 47, 1, '2020-05-21 13:27:08', '2020-05-21 13:27:24'),
(50, 11, 48, 3, '2020-05-21 13:38:52', '2020-05-21 13:38:52'),
(51, 11, 49, 4, '2020-05-21 13:43:38', '2020-05-21 13:43:38'),
(53, 11, 51, 6, '2020-05-21 13:48:43', '2020-05-21 13:48:43'),
(54, 11, 52, 7, '2020-05-21 14:06:18', '2020-05-21 14:06:18'),
(55, 11, 53, 8, '2020-05-21 14:08:12', '2020-05-21 14:08:12'),
(56, 11, 54, 9, '2020-05-21 14:13:25', '2020-05-21 14:13:25'),
(57, 11, 55, 10, '2020-05-21 14:13:49', '2020-05-21 14:13:49'),
(59, 12, 57, 1, '2020-05-21 14:28:37', '2020-05-21 14:28:37'),
(60, 12, 58, 2, '2020-05-21 14:29:18', '2020-05-21 14:29:18'),
(61, 12, 59, 3, '2020-05-21 14:30:01', '2020-05-21 14:30:01'),
(62, 12, 60, 4, '2020-05-21 14:30:39', '2020-05-21 14:30:39'),
(63, 12, 61, 5, '2020-05-21 14:31:01', '2020-05-21 14:31:01'),
(64, 12, 62, 6, '2020-05-21 14:31:39', '2020-05-21 14:31:39'),
(65, 12, 63, 7, '2020-05-21 14:32:21', '2020-05-21 14:32:21'),
(66, 12, 64, 8, '2020-05-21 14:33:27', '2020-05-21 14:33:27'),
(67, 12, 65, 9, '2020-05-21 14:33:51', '2020-05-21 14:33:51'),
(68, 13, 66, 1, '2020-05-21 14:34:38', '2020-05-21 14:34:38'),
(69, 13, 67, 2, '2020-05-21 14:34:59', '2020-05-21 14:34:59'),
(70, 13, 68, 3, '2020-05-21 14:35:18', '2020-05-21 14:35:18'),
(71, 13, 69, 4, '2020-05-21 14:35:37', '2020-05-21 14:35:37'),
(72, 13, 70, 5, '2020-05-21 14:38:33', '2020-05-21 14:38:33'),
(73, 13, 71, 6, '2020-05-21 14:39:01', '2020-05-21 14:39:01'),
(74, 13, 72, 7, '2020-05-21 14:39:56', '2020-05-21 14:39:56'),
(75, 13, 73, 8, '2020-05-21 14:42:12', '2020-05-21 14:42:12'),
(76, 13, 74, 9, '2020-05-21 14:42:30', '2020-05-21 14:42:30'),
(77, 13, 75, 10, '2020-05-21 14:42:58', '2020-05-21 14:42:58'),
(78, 13, 76, 11, '2020-05-21 14:43:43', '2020-05-21 14:43:43'),
(79, 13, 77, 12, '2020-05-21 14:44:09', '2020-05-21 14:44:09'),
(80, 13, 78, 13, '2020-05-21 14:44:33', '2020-05-21 14:44:33'),
(81, 13, 79, 14, '2020-05-21 14:45:06', '2020-05-21 14:45:06'),
(83, 11, 33, 5, '2020-05-21 14:48:36', '2020-05-21 14:49:09'),
(84, 13, 80, 15, '2020-05-21 14:50:44', '2020-05-21 14:50:44'),
(85, 13, 81, 17, '2020-05-21 14:51:17', '2020-05-21 14:53:39'),
(86, 13, 82, 18, '2020-05-21 14:52:09', '2020-05-21 14:53:39'),
(87, 13, 83, 19, '2020-05-21 14:52:28', '2020-05-21 14:53:39'),
(88, 13, 84, 20, '2020-05-21 14:52:45', '2020-05-21 14:53:39'),
(89, 13, 85, 16, '2020-05-21 14:53:20', '2020-05-21 14:53:39'),
(90, 13, 86, 21, '2020-05-21 14:54:45', '2020-05-21 14:54:45'),
(91, 13, 87, 22, '2020-05-21 14:55:23', '2020-05-21 14:55:23'),
(92, 13, 88, 23, '2020-05-21 14:56:45', '2020-05-21 14:56:45'),
(93, 13, 89, 24, '2020-05-21 14:57:31', '2020-05-21 14:57:31'),
(94, 16, 90, 1, '2020-05-21 16:37:19', '2020-05-21 16:37:19'),
(95, 16, 91, 2, '2020-05-21 16:38:10', '2020-05-21 16:38:10'),
(96, 16, 92, 3, '2020-05-21 16:38:44', '2020-05-21 16:38:44'),
(97, 16, 93, 4, '2020-05-21 16:39:10', '2020-05-21 16:39:10'),
(98, 16, 94, 5, '2020-05-21 16:39:48', '2020-05-21 16:39:48'),
(99, 16, 95, 6, '2020-05-21 16:40:25', '2020-05-21 16:40:25'),
(100, 16, 96, 7, '2020-05-21 16:40:50', '2020-05-21 16:40:50'),
(101, 16, 97, 8, '2020-05-21 16:41:12', '2020-05-21 16:41:12'),
(102, 16, 98, 9, '2020-05-21 17:04:19', '2020-05-21 17:04:19'),
(103, 16, 99, 10, '2020-05-21 17:05:02', '2020-05-21 17:05:02'),
(104, 7, 27, 2, '2020-05-22 10:36:08', '2020-05-22 10:36:08'),
(105, 7, 100, 3, '2020-05-22 10:37:11', '2020-05-22 10:37:11'),
(106, 7, 101, 4, '2020-05-22 10:37:35', '2020-05-22 10:37:35'),
(107, 7, 102, 5, '2020-05-22 10:38:33', '2020-05-22 10:38:33'),
(109, 7, 103, 6, '2020-05-22 10:40:15', '2020-05-22 10:40:15'),
(110, 7, 104, 7, '2020-05-22 10:40:34', '2020-05-22 10:40:34'),
(111, 7, 105, 8, '2020-05-22 10:41:08', '2020-05-22 10:41:08'),
(112, 7, 106, 9, '2020-05-22 10:41:39', '2020-05-22 10:41:39'),
(113, 10, 107, 1, '2020-05-22 10:44:48', '2020-05-22 10:44:48'),
(114, 10, 28, 2, '2020-05-22 10:45:14', '2020-05-22 10:45:14'),
(115, 10, 108, 3, '2020-05-22 10:46:11', '2020-05-22 10:46:11'),
(116, 10, 109, 4, '2020-05-22 10:46:28', '2020-05-22 10:46:28'),
(117, 10, 110, 5, '2020-05-22 10:49:48', '2020-05-22 10:49:48'),
(118, 10, 111, 6, '2020-05-22 10:50:02', '2020-05-22 10:50:02'),
(119, 10, 112, 7, '2020-05-22 10:50:34', '2020-05-22 10:50:34'),
(120, 10, 113, 8, '2020-05-22 10:51:17', '2020-05-22 10:51:17'),
(121, 10, 114, 9, '2020-05-22 10:51:36', '2020-05-22 10:51:36'),
(122, 10, 53, 10, '2020-05-22 10:52:17', '2020-05-22 10:52:17'),
(123, 10, 115, 11, '2020-05-22 10:53:04', '2020-05-22 10:53:04'),
(124, 10, 116, 12, '2020-05-22 10:53:36', '2020-05-22 10:53:36'),
(125, 20, 117, 1, '2020-05-22 11:04:49', '2020-05-22 11:04:49'),
(126, 20, 118, 2, '2020-05-22 11:07:14', '2020-05-22 11:07:14'),
(127, 20, 119, 3, '2020-05-22 11:07:43', '2020-05-22 11:07:43'),
(128, 20, 120, 4, '2020-05-22 11:08:05', '2020-05-22 11:08:05'),
(129, 20, 121, 5, '2020-05-22 11:09:49', '2020-05-22 11:09:49'),
(130, 20, 122, 6, '2020-05-22 11:10:50', '2020-05-22 11:10:50'),
(131, 20, 123, 7, '2020-05-22 11:11:42', '2020-05-22 11:11:42'),
(132, 21, 124, 1, '2020-05-22 12:22:02', '2020-05-22 12:22:02'),
(133, 21, 125, 2, '2020-05-22 12:22:17', '2020-05-22 12:22:17'),
(134, 21, 126, 3, '2020-05-22 12:22:57', '2020-05-22 12:22:57'),
(135, 21, 127, 4, '2020-05-22 12:23:28', '2020-05-22 12:23:28'),
(136, 21, 128, 5, '2020-05-22 12:24:09', '2020-05-22 12:24:09'),
(137, 21, 129, 6, '2020-05-22 12:24:38', '2020-05-22 12:24:38'),
(138, 21, 130, 7, '2020-05-22 12:25:23', '2020-05-22 12:25:23'),
(139, 22, 131, 1, '2020-05-22 12:27:43', '2020-05-22 12:27:43'),
(140, 22, 132, 2, '2020-05-22 12:30:24', '2020-05-22 12:30:24'),
(141, 22, 133, 3, '2020-05-22 12:32:12', '2020-05-22 12:32:12'),
(142, 22, 134, 4, '2020-05-22 12:33:06', '2020-05-22 12:33:06'),
(143, 22, 82, 5, '2020-05-22 12:33:24', '2020-05-22 12:33:24'),
(144, 22, 83, 6, '2020-05-22 12:34:04', '2020-05-22 12:34:04'),
(145, 22, 84, 7, '2020-05-22 12:34:23', '2020-05-22 12:34:23'),
(146, 24, 135, 1, '2020-05-22 12:41:18', '2020-05-22 12:41:18'),
(147, 24, 136, 2, '2020-05-22 12:41:52', '2020-05-22 12:41:52'),
(148, 24, 137, 3, '2020-05-22 12:42:15', '2020-05-22 12:42:15'),
(149, 24, 138, 4, '2020-05-22 12:43:46', '2020-05-22 12:43:46'),
(150, 24, 139, 5, '2020-05-22 12:44:18', '2020-05-22 12:44:18'),
(151, 24, 140, 6, '2020-05-22 12:45:39', '2020-05-22 12:45:39'),
(152, 24, 141, 7, '2020-05-22 12:46:16', '2020-05-22 12:46:16'),
(153, 24, 142, 8, '2020-05-22 12:46:38', '2020-05-22 12:46:38'),
(154, 25, 143, 1, '2020-05-22 12:48:04', '2020-05-22 12:48:04'),
(155, 25, 144, 2, '2020-05-22 12:48:51', '2020-05-22 12:48:51'),
(156, 25, 145, 3, '2020-05-22 13:00:28', '2020-05-22 13:00:28'),
(157, 25, 146, 4, '2020-05-22 13:01:06', '2020-05-22 13:01:06'),
(158, 25, 147, 5, '2020-05-22 13:01:50', '2020-05-22 13:01:50'),
(159, 25, 148, 6, '2020-05-22 13:04:07', '2020-05-22 13:04:07'),
(160, 25, 149, 7, '2020-05-22 13:04:52', '2020-05-22 13:04:52'),
(161, 25, 150, 8, '2020-05-22 13:05:23', '2020-05-22 13:05:23'),
(162, 25, 151, 9, '2020-05-22 13:05:38', '2020-05-22 13:05:38'),
(163, 25, 152, 10, '2020-05-22 13:06:04', '2020-05-22 13:06:04'),
(164, 25, 153, 11, '2020-05-22 13:06:21', '2020-05-22 13:06:21'),
(165, 25, 154, 12, '2020-05-22 13:07:33', '2020-05-22 13:07:33'),
(166, 26, 155, 1, '2020-05-22 13:29:07', '2020-05-22 13:29:07'),
(167, 26, 156, 2, '2020-05-22 13:29:57', '2020-05-22 13:29:57'),
(168, 26, 157, 3, '2020-05-22 13:30:42', '2020-05-22 13:30:42'),
(169, 26, 158, 4, '2020-05-22 13:31:06', '2020-05-22 13:31:06'),
(170, 26, 159, 5, '2020-05-22 13:31:34', '2020-05-22 13:31:34'),
(171, 28, 160, 1, '2020-05-22 14:10:03', '2020-05-22 14:10:03'),
(172, 28, 30, 2, '2020-05-22 14:10:49', '2020-05-22 14:10:49'),
(173, 28, 161, 3, '2020-05-22 14:13:55', '2020-05-22 14:13:55'),
(174, 28, 162, 4, '2020-05-22 14:14:20', '2020-05-22 14:14:20'),
(175, 28, 163, 5, '2020-05-22 14:14:55', '2020-05-22 14:14:55'),
(176, 28, 164, 6, '2020-05-22 14:15:43', '2020-05-22 14:15:43'),
(177, 28, 165, 7, '2020-05-22 14:17:02', '2020-05-22 14:17:02'),
(178, 28, 166, 8, '2020-05-22 14:17:40', '2020-05-22 14:17:40'),
(179, 28, 167, 9, '2020-05-22 14:18:17', '2020-05-22 14:18:17'),
(180, 28, 168, 10, '2020-05-22 14:20:35', '2020-05-22 14:20:35'),
(181, 28, 169, 11, '2020-05-22 14:21:19', '2020-05-22 14:21:19'),
(182, 28, 12, 12, '2020-05-22 14:22:20', '2020-05-22 14:22:20'),
(183, 28, 170, 13, '2020-05-22 14:44:27', '2020-05-22 14:44:27'),
(184, 28, 171, 14, '2020-05-22 14:44:57', '2020-05-22 14:44:57'),
(185, 28, 172, 15, '2020-05-22 14:46:04', '2020-05-22 14:46:04'),
(186, 28, 173, 16, '2020-05-22 14:46:46', '2020-05-22 14:46:46'),
(187, 28, 174, 17, '2020-05-22 14:47:17', '2020-05-22 14:47:17'),
(188, 28, 175, 18, '2020-05-22 14:47:41', '2020-05-22 14:47:41'),
(189, 29, 176, 1, '2020-05-22 15:16:57', '2020-05-22 15:16:57'),
(190, 29, 177, 2, '2020-05-22 15:17:47', '2020-05-22 15:17:47'),
(191, 29, 178, 3, '2020-05-22 15:18:12', '2020-05-22 15:18:12'),
(192, 29, 179, 4, '2020-05-22 15:18:29', '2020-05-22 15:18:29'),
(193, 29, 180, 5, '2020-05-22 15:18:48', '2020-05-22 15:18:48'),
(194, 29, 181, 6, '2020-05-22 15:19:16', '2020-05-22 15:19:16'),
(195, 29, 182, 7, '2020-05-22 15:19:59', '2020-05-22 15:19:59'),
(196, 29, 183, 8, '2020-05-22 15:20:32', '2020-05-22 15:20:32'),
(197, 29, 184, 9, '2020-05-22 15:21:06', '2020-05-22 15:21:06'),
(198, 30, 185, 1, '2020-05-22 15:32:14', '2020-05-22 15:32:14'),
(199, 30, 186, 2, '2020-05-22 15:32:48', '2020-05-22 15:32:48'),
(200, 30, 187, 3, '2020-05-22 15:33:14', '2020-05-22 15:33:14'),
(201, 30, 188, 4, '2020-05-22 15:37:52', '2020-05-22 15:37:52'),
(202, 30, 189, 5, '2020-05-22 15:38:09', '2020-05-22 15:38:09'),
(203, 30, 190, 6, '2020-05-22 15:39:37', '2020-05-22 15:39:37'),
(204, 30, 191, 7, '2020-05-22 15:40:36', '2020-05-22 15:40:36'),
(205, 30, 192, 8, '2020-05-22 15:44:33', '2020-05-22 15:44:33'),
(206, 30, 193, 9, '2020-05-22 15:45:17', '2020-05-22 15:45:17'),
(207, 30, 194, 10, '2020-05-22 15:45:42', '2020-05-22 15:45:42'),
(208, 30, 195, 11, '2020-05-22 15:49:37', '2020-05-22 15:49:37'),
(209, 30, 196, 12, '2020-05-22 15:51:56', '2020-05-22 15:51:56'),
(210, 30, 197, 13, '2020-05-22 15:52:21', '2020-05-22 15:52:21'),
(211, 16, 198, 11, '2020-05-23 15:14:09', '2020-05-23 15:14:09'),
(212, 16, 199, 12, '2020-05-23 15:14:24', '2020-05-23 15:14:24'),
(213, 16, 200, 13, '2020-05-23 15:14:47', '2020-05-23 15:14:47'),
(214, 16, 201, 14, '2020-05-23 17:22:12', '2020-05-23 17:22:12'),
(215, 17, 202, 1, '2020-05-23 17:24:19', '2020-05-23 17:24:19'),
(216, 17, 203, 2, '2020-05-23 17:24:47', '2020-05-23 17:24:47'),
(217, 17, 204, 3, '2020-05-23 17:25:22', '2020-05-23 17:25:22'),
(218, 18, 205, 1, '2020-05-23 17:27:01', '2020-05-23 17:27:01'),
(219, 18, 206, 2, '2020-05-23 17:27:17', '2020-05-23 17:27:17'),
(220, 18, 207, 3, '2020-05-23 17:27:39', '2020-05-23 17:27:39'),
(221, 18, 208, 4, '2020-05-23 17:29:05', '2020-05-23 17:29:05'),
(222, 18, 209, 5, '2020-05-23 17:29:38', '2020-05-23 17:29:38'),
(223, 18, 210, 6, '2020-05-23 17:30:29', '2020-05-23 17:30:29'),
(224, 18, 211, 7, '2020-05-23 17:30:50', '2020-05-23 17:30:50'),
(225, 18, 212, 8, '2020-05-23 17:31:20', '2020-05-23 17:31:20'),
(226, 18, 213, 9, '2020-05-23 17:32:07', '2020-05-23 17:32:07'),
(227, 18, 214, 10, '2020-05-23 17:33:53', '2020-05-23 17:33:53'),
(228, 18, 215, 11, '2020-05-23 17:34:08', '2020-05-23 17:34:08'),
(229, 31, 216, 1, '2020-05-23 19:23:28', '2020-05-23 19:23:28'),
(230, 31, 217, 2, '2020-05-23 19:24:18', '2020-05-23 19:24:18'),
(231, 31, 218, 3, '2020-05-23 19:24:58', '2020-05-23 19:24:58'),
(232, 31, 219, 4, '2020-05-23 19:25:25', '2020-05-23 19:25:25'),
(233, 31, 220, 5, '2020-05-23 19:25:55', '2020-05-23 19:25:55'),
(234, 31, 221, 6, '2020-05-23 19:26:20', '2020-05-23 19:26:20'),
(235, 31, 222, 7, '2020-05-23 19:26:42', '2020-05-23 19:26:42'),
(236, 31, 223, 8, '2020-05-23 19:27:21', '2020-05-23 19:27:21'),
(237, 31, 224, 9, '2020-05-23 19:28:17', '2020-05-23 19:28:17'),
(238, 31, 225, 10, '2020-05-23 19:28:33', '2020-05-23 19:28:33'),
(239, 31, 226, 11, '2020-05-23 19:29:07', '2020-05-23 19:29:07'),
(240, 31, 227, 12, '2020-05-23 19:29:38', '2020-05-23 19:29:38'),
(241, 31, 228, 13, '2020-05-23 19:30:18', '2020-05-23 19:30:18'),
(242, 31, 136, 14, '2020-05-23 19:30:36', '2020-05-23 19:30:36'),
(243, 31, 138, 15, '2020-05-23 19:31:19', '2020-05-23 19:31:19'),
(244, 31, 229, 16, '2020-05-23 19:33:10', '2020-05-23 19:33:10'),
(245, 31, 230, 18, '2020-05-23 20:23:30', '2020-05-23 20:25:47'),
(246, 31, 231, 19, '2020-05-23 20:24:00', '2020-05-23 20:25:47'),
(247, 31, 232, 20, '2020-05-23 20:24:17', '2020-05-23 20:25:47'),
(248, 31, 233, 21, '2020-05-23 20:24:50', '2020-05-23 20:25:47'),
(249, 31, 234, 17, '2020-05-23 20:25:39', '2020-05-23 20:25:47'),
(250, 32, 235, 1, '2020-05-23 20:33:55', '2020-05-23 20:33:55'),
(251, 32, 236, 2, '2020-05-23 21:22:48', '2020-05-23 21:22:48'),
(252, 32, 237, 3, '2020-05-23 21:23:24', '2020-05-23 21:23:24'),
(253, 32, 238, 4, '2020-05-23 21:36:28', '2020-05-23 21:36:28'),
(256, 32, 239, 5, '2020-05-23 21:37:30', '2020-05-23 21:38:16'),
(257, 32, 144, 6, '2020-05-23 21:38:04', '2020-05-23 21:38:04'),
(258, 32, 240, 7, '2020-05-23 21:39:11', '2020-05-23 21:39:11'),
(259, 32, 241, 8, '2020-05-23 21:43:14', '2020-05-23 21:43:14'),
(260, 32, 242, 9, '2020-05-23 21:44:40', '2020-05-23 21:44:40'),
(261, 32, 243, 10, '2020-05-23 21:45:05', '2020-05-23 21:45:05'),
(262, 32, 244, 11, '2020-05-23 21:46:58', '2020-05-23 21:46:58'),
(263, 32, 245, 12, '2020-05-23 21:47:39', '2020-05-23 21:47:39'),
(264, 32, 246, 13, '2020-05-23 21:48:27', '2020-05-23 21:48:27'),
(265, 32, 247, 14, '2020-05-23 21:49:12', '2020-05-23 21:49:12'),
(266, 32, 248, 15, '2020-05-23 21:49:59', '2020-05-23 21:49:59'),
(267, 33, 249, 1, '2020-05-23 22:05:58', '2020-05-23 22:05:58'),
(268, 33, 250, 2, '2020-05-23 22:06:47', '2020-05-23 22:06:47'),
(269, 33, 251, 3, '2020-05-23 22:07:17', '2020-05-23 22:07:17'),
(270, 33, 252, 4, '2020-05-23 22:07:47', '2020-05-23 22:07:47'),
(271, 33, 253, 5, '2020-05-23 22:08:07', '2020-05-23 22:08:07'),
(272, 33, 254, 6, '2020-05-23 22:08:49', '2020-05-23 22:08:49'),
(273, 33, 255, 7, '2020-05-23 22:09:03', '2020-05-23 22:09:03'),
(274, 35, 256, 1, '2020-05-24 12:45:56', '2020-05-24 12:45:56'),
(275, 35, 257, 2, '2020-05-24 12:46:35', '2020-05-24 12:46:35'),
(276, 35, 258, 3, '2020-05-24 12:47:31', '2020-05-24 12:47:31'),
(277, 35, 259, 4, '2020-05-24 12:48:26', '2020-05-24 12:48:26'),
(278, 35, 260, 5, '2020-05-24 12:49:07', '2020-05-24 12:49:07'),
(279, 35, 261, 6, '2020-05-24 12:51:06', '2020-05-24 12:51:06'),
(280, 35, 262, 7, '2020-05-24 12:54:23', '2020-05-24 12:54:23'),
(281, 35, 263, 8, '2020-05-24 12:54:38', '2020-05-24 12:54:38'),
(282, 35, 264, 9, '2020-05-24 12:56:13', '2020-05-24 12:56:13'),
(283, 35, 265, 10, '2020-05-24 12:58:24', '2020-05-24 12:58:24'),
(284, 35, 266, 11, '2020-05-24 12:58:45', '2020-05-24 12:58:45'),
(286, 35, 268, 12, '2020-05-24 13:03:09', '2020-05-24 13:04:32'),
(287, 35, 269, 13, '2020-05-24 13:04:23', '2020-05-24 13:04:23'),
(288, 36, 270, 1, '2020-05-24 13:13:46', '2020-05-24 13:13:46'),
(289, 36, 266, 2, '2020-05-24 13:14:12', '2020-05-24 13:14:12'),
(290, 36, 267, 3, '2020-05-24 13:14:22', '2020-05-24 13:14:22'),
(291, 36, 271, 4, '2020-05-24 13:14:42', '2020-05-24 13:14:42'),
(292, 37, 272, 1, '2020-05-24 13:15:33', '2020-05-24 13:15:33'),
(293, 37, 273, 2, '2020-05-24 13:16:09', '2020-05-24 13:16:09'),
(294, 37, 120, 3, '2020-05-24 13:16:40', '2020-05-24 13:16:40'),
(295, 37, 274, 4, '2020-05-24 13:17:40', '2020-05-24 13:17:40'),
(296, 37, 275, 5, '2020-05-24 13:18:05', '2020-05-24 13:18:05'),
(297, 37, 276, 6, '2020-05-24 13:18:45', '2020-05-24 13:18:45'),
(298, 37, 277, 7, '2020-05-24 13:19:22', '2020-05-24 13:19:22'),
(299, 37, 278, 8, '2020-05-24 13:19:39', '2020-05-24 13:19:39'),
(300, 37, 279, 9, '2020-05-24 13:19:56', '2020-05-24 13:19:56'),
(301, 37, 280, 10, '2020-05-24 13:20:23', '2020-05-24 13:20:23'),
(302, 42, 281, 1, '2020-05-25 11:19:39', '2020-05-25 11:19:39'),
(303, 42, 141, 2, '2020-05-25 11:20:08', '2020-05-25 11:20:08'),
(305, 42, 239, 4, '2020-05-25 11:21:57', '2020-05-25 11:27:49'),
(306, 42, 231, 6, '2020-05-25 11:22:26', '2020-05-25 11:27:49'),
(307, 42, 232, 7, '2020-05-25 11:22:43', '2020-05-25 11:27:49'),
(308, 42, 138, 8, '2020-05-25 11:23:03', '2020-05-25 11:27:49'),
(309, 42, 136, 9, '2020-05-25 11:23:52', '2020-05-25 11:27:49'),
(310, 42, 217, 10, '2020-05-25 11:24:23', '2020-05-25 11:27:49'),
(311, 42, 218, 11, '2020-05-25 11:24:52', '2020-05-25 11:27:49'),
(312, 42, 282, 12, '2020-05-25 11:26:18', '2020-05-25 11:27:49'),
(313, 42, 283, 3, '2020-05-25 11:26:42', '2020-05-25 11:27:49'),
(314, 42, 284, 5, '2020-05-25 11:27:01', '2020-05-25 11:27:49'),
(315, 42, 285, 13, '2020-05-25 11:28:55', '2020-05-25 11:28:55'),
(316, 42, 286, 14, '2020-05-25 11:29:44', '2020-05-25 11:29:44'),
(317, 42, 287, 15, '2020-05-25 11:30:12', '2020-05-25 11:30:12'),
(318, 42, 288, 16, '2020-05-25 11:31:27', '2020-05-25 11:31:27'),
(319, 42, 289, 17, '2020-05-25 11:31:50', '2020-05-25 11:31:50'),
(320, 42, 290, 18, '2020-05-25 11:32:21', '2020-05-25 11:32:21'),
(321, 42, 291, 19, '2020-05-25 11:34:22', '2020-05-25 11:34:22'),
(322, 43, 292, 1, '2020-05-25 11:42:28', '2020-05-25 11:42:28'),
(323, 43, 293, 2, '2020-05-25 11:43:01', '2020-05-25 11:43:01'),
(324, 43, 294, 3, '2020-05-25 11:44:22', '2020-05-25 11:44:22'),
(325, 43, 295, 4, '2020-05-25 11:45:20', '2020-05-25 11:45:20'),
(326, 43, 296, 5, '2020-05-25 11:46:04', '2020-05-25 11:46:04'),
(327, 43, 297, 6, '2020-05-25 11:46:38', '2020-05-25 11:46:38'),
(328, 43, 298, 7, '2020-05-25 11:46:57', '2020-05-25 11:46:57'),
(329, 43, 299, 8, '2020-05-25 11:47:28', '2020-05-25 11:47:28'),
(330, 43, 300, 9, '2020-05-25 11:47:57', '2020-05-25 11:47:57'),
(331, 43, 301, 10, '2020-05-25 11:57:02', '2020-05-25 11:57:02'),
(332, 43, 302, 11, '2020-05-25 11:57:46', '2020-05-25 11:57:46'),
(333, 43, 303, 12, '2020-05-25 11:58:11', '2020-05-25 11:58:11'),
(334, 43, 304, 13, '2020-05-25 12:02:51', '2020-05-25 12:02:51'),
(335, 43, 305, 14, '2020-05-25 12:03:41', '2020-05-25 12:03:41'),
(336, 43, 306, 15, '2020-05-25 12:04:08', '2020-05-25 12:04:08'),
(337, 44, 307, 1, '2020-05-25 12:17:42', '2020-05-25 12:17:42'),
(338, 44, 242, 2, '2020-05-25 12:26:10', '2020-05-25 12:26:10'),
(339, 44, 308, 3, '2020-05-25 12:26:57', '2020-05-25 12:26:57'),
(340, 44, 309, 4, '2020-05-25 12:39:37', '2020-05-25 12:39:37'),
(341, 44, 310, 5, '2020-05-25 12:40:01', '2020-05-25 12:40:01'),
(342, 44, 311, 6, '2020-05-25 12:40:27', '2020-05-25 12:40:27'),
(343, 47, 312, 1, '2020-05-25 12:59:05', '2020-05-25 12:59:05'),
(344, 47, 313, 2, '2020-05-25 12:59:18', '2020-05-25 12:59:18'),
(345, 47, 314, 3, '2020-05-25 12:59:38', '2020-05-25 12:59:38'),
(346, 47, 315, 4, '2020-05-25 13:02:06', '2020-05-25 13:02:06'),
(347, 47, 316, 5, '2020-05-25 13:02:34', '2020-05-25 13:02:34'),
(348, 47, 317, 6, '2020-05-25 13:02:59', '2020-05-25 13:02:59'),
(349, 47, 318, 7, '2020-05-25 13:07:19', '2020-05-25 13:07:19'),
(350, 47, 319, 8, '2020-05-25 13:08:06', '2020-05-25 13:08:06'),
(351, 47, 320, 9, '2020-05-25 13:08:27', '2020-05-25 13:08:27'),
(352, 47, 321, 10, '2020-05-25 13:08:57', '2020-05-25 13:08:57'),
(353, 47, 322, 11, '2020-05-25 13:09:17', '2020-05-25 13:09:17'),
(354, 47, 323, 12, '2020-05-25 13:09:48', '2020-05-25 13:09:48'),
(355, 47, 324, 13, '2020-05-25 13:10:53', '2020-05-25 13:10:53'),
(356, 47, 325, 14, '2020-05-25 13:11:36', '2020-05-25 13:11:36'),
(357, 47, 326, 15, '2020-05-25 13:12:29', '2020-05-25 13:12:29'),
(358, 47, 327, 16, '2020-05-25 13:22:14', '2020-05-25 13:22:14'),
(359, 47, 328, 17, '2020-05-25 13:22:42', '2020-05-25 13:22:42'),
(360, 48, 329, 1, '2020-05-25 13:33:28', '2020-05-25 13:33:28'),
(361, 48, 330, 2, '2020-05-25 13:34:07', '2020-05-25 13:34:07'),
(362, 48, 331, 3, '2020-05-25 13:34:29', '2020-05-25 13:34:29'),
(363, 48, 332, 4, '2020-05-25 13:34:53', '2020-05-25 13:34:53'),
(364, 48, 333, 5, '2020-05-25 13:35:26', '2020-05-25 13:35:26'),
(365, 48, 334, 6, '2020-05-25 13:35:47', '2020-05-25 13:35:47'),
(366, 48, 335, 7, '2020-05-25 13:36:38', '2020-05-25 13:36:38'),
(367, 48, 336, 8, '2020-05-25 13:37:20', '2020-05-25 13:37:20'),
(368, 48, 337, 9, '2020-05-25 13:38:03', '2020-05-25 13:38:03'),
(369, 48, 338, 10, '2020-05-25 13:38:32', '2020-05-25 13:38:32'),
(370, 49, 339, 1, '2020-05-25 13:41:06', '2020-05-25 13:41:06'),
(371, 49, 340, 2, '2020-05-25 13:50:16', '2020-05-25 13:50:16'),
(372, 49, 341, 3, '2020-05-25 13:50:50', '2020-05-25 13:50:50'),
(373, 49, 342, 4, '2020-05-25 13:52:11', '2020-05-25 13:52:11'),
(374, 49, 343, 5, '2020-05-25 14:08:09', '2020-05-25 14:08:09'),
(375, 49, 344, 6, '2020-05-25 14:08:44', '2020-05-25 14:08:44'),
(376, 49, 345, 7, '2020-05-25 14:09:15', '2020-05-25 14:09:15'),
(377, 49, 346, 8, '2020-05-25 14:10:02', '2020-05-25 14:10:02'),
(378, 49, 347, 9, '2020-05-25 14:11:08', '2020-05-25 14:11:08'),
(379, 49, 348, 10, '2020-05-25 14:11:53', '2020-05-25 14:11:53'),
(380, 49, 349, 11, '2020-05-25 14:12:16', '2020-05-25 14:12:16'),
(381, 49, 350, 12, '2020-05-25 14:13:39', '2020-05-25 14:13:39'),
(382, 51, 351, 1, '2020-05-25 15:37:18', '2020-05-25 15:37:18'),
(383, 51, 352, 2, '2020-05-25 15:39:19', '2020-05-25 15:39:19'),
(384, 51, 353, 3, '2020-05-25 15:39:40', '2020-05-25 15:39:40'),
(385, 51, 354, 4, '2020-05-25 15:41:27', '2020-05-25 15:41:27'),
(386, 51, 355, 5, '2020-05-25 15:41:56', '2020-05-25 15:41:56'),
(387, 51, 356, 6, '2020-05-25 15:48:37', '2020-05-25 15:48:37'),
(388, 51, 357, 7, '2020-05-25 15:52:59', '2020-05-25 15:52:59'),
(389, 51, 358, 8, '2020-05-25 15:53:44', '2020-05-25 15:53:44'),
(390, 51, 359, 9, '2020-05-25 15:54:27', '2020-05-25 15:54:27'),
(391, 51, 360, 10, '2020-05-25 15:54:51', '2020-05-25 15:54:51'),
(392, 51, 361, 11, '2020-05-25 15:55:42', '2020-05-25 15:55:42'),
(393, 51, 362, 12, '2020-05-25 15:56:08', '2020-05-25 15:56:08'),
(394, 51, 363, 13, '2020-05-25 15:57:07', '2020-05-25 15:57:07'),
(395, 51, 364, 14, '2020-05-25 15:57:35', '2020-05-25 15:57:35'),
(396, 51, 365, 15, '2020-05-25 16:14:36', '2020-05-25 16:14:36'),
(397, 51, 366, 16, '2020-05-25 16:15:11', '2020-05-25 16:15:11'),
(398, 51, 367, 17, '2020-05-25 16:15:32', '2020-05-25 16:15:32'),
(399, 51, 368, 18, '2020-05-25 16:15:56', '2020-05-25 16:15:56'),
(400, 51, 369, 19, '2020-05-25 16:16:45', '2020-05-25 16:16:45'),
(401, 51, 370, 20, '2020-05-25 16:17:28', '2020-05-25 16:17:28'),
(402, 51, 371, 21, '2020-05-25 16:17:50', '2020-05-25 16:17:50'),
(403, 51, 372, 22, '2020-05-25 16:18:28', '2020-05-25 16:18:28'),
(404, 51, 373, 23, '2020-05-25 16:19:48', '2020-05-25 16:19:48'),
(405, 51, 374, 24, '2020-05-25 16:20:08', '2020-05-25 16:20:08'),
(406, 52, 375, 1, '2020-05-25 16:21:26', '2020-05-25 16:21:26'),
(407, 52, 247, 2, '2020-05-25 16:21:41', '2020-05-25 16:21:41'),
(408, 52, 376, 3, '2020-05-25 16:22:24', '2020-05-25 16:22:24'),
(409, 52, 377, 4, '2020-05-25 16:22:57', '2020-05-25 16:22:57'),
(410, 52, 378, 5, '2020-05-25 16:23:13', '2020-05-25 16:23:13'),
(411, 52, 379, 6, '2020-05-25 16:23:32', '2020-05-25 16:23:32'),
(412, 52, 380, 7, '2020-05-25 16:24:06', '2020-05-25 16:24:06'),
(413, 52, 381, 8, '2020-05-25 16:24:44', '2020-05-25 16:24:44'),
(414, 52, 382, 9, '2020-05-25 16:25:10', '2020-05-25 16:25:10'),
(415, 52, 383, 10, '2020-05-25 16:25:53', '2020-05-25 16:25:53'),
(416, 52, 384, 11, '2020-05-25 16:26:19', '2020-05-25 16:26:19'),
(417, 52, 385, 12, '2020-05-25 16:26:36', '2020-05-25 16:26:36'),
(418, 53, 386, 1, '2020-05-25 16:49:46', '2020-05-25 16:49:46'),
(419, 53, 340, 2, '2020-05-25 16:50:03', '2020-05-25 16:50:03'),
(420, 53, 387, 3, '2020-05-25 16:50:28', '2020-05-25 16:50:28'),
(421, 53, 388, 4, '2020-05-25 16:51:08', '2020-05-25 16:51:08'),
(422, 53, 389, 5, '2020-05-25 16:52:04', '2020-05-25 16:52:04'),
(423, 53, 390, 6, '2020-05-25 16:52:55', '2020-05-25 16:52:55'),
(424, 53, 391, 7, '2020-05-25 17:04:05', '2020-05-25 17:04:05'),
(425, 53, 392, 8, '2020-05-25 17:04:35', '2020-05-25 17:04:35'),
(426, 53, 393, 9, '2020-05-25 17:05:21', '2020-05-25 17:05:21'),
(427, 53, 394, 10, '2020-05-25 17:05:38', '2020-05-25 17:05:38');

-- --------------------------------------------------------

--
-- Table structure for table `assignment_types`
--

CREATE TABLE `assignment_types` (
  `id` bigint(20) UNSIGNED NOT NULL,
  `name` varchar(255) COLLATE utf8mb4_unicode_ci NOT NULL,
  `created_at` timestamp NULL DEFAULT NULL,
  `updated_at` timestamp NULL DEFAULT NULL
) ENGINE=InnoDB DEFAULT CHARSET=utf8mb4 COLLATE=utf8mb4_unicode_ci;

--
-- Dumping data for table `assignment_types`
--

INSERT INTO `assignment_types` (`id`, `name`, `created_at`, `updated_at`) VALUES
(1, 'Assignment', '2020-05-08 18:50:51', '2020-05-08 18:50:51'),
(2, 'Practice Assessment', '2020-05-08 18:51:22', '2020-05-08 18:51:22');

-- --------------------------------------------------------

--
-- Table structure for table `courses`
--

CREATE TABLE `courses` (
  `id` bigint(20) UNSIGNED NOT NULL,
  `professional_body_id` int(11) NOT NULL,
  `name` varchar(255) COLLATE utf8mb4_unicode_ci NOT NULL,
  `description` mediumtext COLLATE utf8mb4_unicode_ci NOT NULL,
  `image` varchar(255) COLLATE utf8mb4_unicode_ci NOT NULL,
  `status` int(11) NOT NULL,
  `version_id` int(11) NOT NULL,
  `created_at` timestamp NULL DEFAULT NULL,
  `updated_at` timestamp NULL DEFAULT NULL
) ENGINE=InnoDB DEFAULT CHARSET=utf8mb4 COLLATE=utf8mb4_unicode_ci;

--
-- Dumping data for table `courses`
--

INSERT INTO `courses` (`id`, `professional_body_id`, `name`, `description`, `image`, `status`, `version_id`, `created_at`, `updated_at`) VALUES
(1, 2, 'Access Award in Bookkeeping', '<p>With this qualification there&rsquo;s no need for any prior accounting knowledge. This qualification will give you a solid background in single entry bookkeeping.&nbsp;</p>\r\n\r\n<p>This is a basic entry-level qualification and can provide&nbsp;a solid grounding for students with no previous bookkeeping knowledge or experience, before moving on to the foundation-level qualifications.&nbsp;</p>', 'AAT Level 1 BK_1588635628.jpg', 1, 1, '2020-05-03 17:47:50', '2020-05-19 14:31:21'),
(2, 2, 'Foundation Certificate in Accounting', '<p>This qualification will prepare you for junior and entry-level accounting roles. It delivers a solid foundation in finance administration, covering areas such as double entry bookkeeping to basic costing principles and using accounting software.</p>\r\n\r\n<p>The&nbsp;<strong>Foundation Certificate in Accounting&nbsp;</strong>can lead to employment as:</p>\r\n\r\n<ul>\r\n	<li>Accounts administrator</li>\r\n	<li>Accounts assistant</li>\r\n	<li>Accounts payable clerk</li>\r\n	<li>Purchase/sales ledger clerk</li>\r\n	<li>Trainee accounting technician</li>\r\n	<li>Trainee finance assistant</li>\r\n</ul>', 'AAT Level 2_1588684951.jpg', 1, 1, '2020-05-05 12:22:31', '2020-05-05 12:22:31'),
(3, 2, 'Advanced Diploma in Accounting', '<p>The Advanced Diploma in Accounting covers a range of complex accounting tasks, including maintaining cost accounting records and the preparation of reports and returns. It comprises six mandatory units (390 guided learning hours):</p>\r\n\r\n<p>&bull; Advanced Bookkeeping<br />\r\n&bull; Final Accounts Preparation<br />\r\n&bull; Management Accounting: Costing<br />\r\n&bull; Indirect Tax<br />\r\n&bull; Ethics for Accountants<br />\r\n&bull; Spreadsheets for Accounting.</p>\r\n\r\n<p>The purpose of this qualification is to ensure that students are well prepared to progress into a career in business, finance or professional accountancy, or into further education. Students will learn and master financial processes including accounting principles and concepts, advanced bookkeeping and final accounts. They will also understand business issues regarding value added tax (VAT), which may be known by another name in other countries) issues in business, management accounting costing techniques and ethical practices for accountants. This qualification further delivers software skills through spreadsheet training for accounting. All of the units within this qualification are mandatory. Four units are assessed individually in endof-unit assessments. This qualification also includes a synoptic assessment that students sit towards the end of the qualification, which draws on and assesses knowledge and understanding from across the qualification.</p>\r\n\r\n<p>AAT qualifications are recognised by employers as practical and technical qualifications that prepare students for the world of work and for working specifically in accountancy and finance roles.</p>\r\n\r\n<p>The&nbsp;<strong>Advanced Diploma in Accounting&nbsp;</strong>can lead to employment as:</p>\r\n\r\n<ul>\r\n	<li>Accounts Assistant</li>\r\n	<li>Accounts Payable and Expenses Supervisor</li>\r\n	<li>Accounts Payable Clerk</li>\r\n	<li>Assistant Accountant</li>\r\n	<li>Audit Trainee</li>\r\n	<li>Bookkeeper</li>\r\n	<li>Credit Controller</li>\r\n	<li>Finance Assistant</li>\r\n	<li>Payroll Administrator</li>\r\n	<li>Payroll Supervisor</li>\r\n	<li>Practice Bookkeeper</li>\r\n	<li>Tax Assistant</li>\r\n</ul>', 'AAT Level 3_1589905781.jpg', 1, 1, '2020-05-05 12:29:29', '2020-05-19 14:29:41'),
(4, 2, 'Professional Diploma in Accounting', '<p>The AAT Professional Diploma in Accounting covers high-level accounting and finance topics and tasks. Students will look at and become comfortable with a wide range of financial management skills and applications, and gain competencies in: drafting financial statements for limited companies; recommending accounting systems strategy, and constructing and presenting complex management accounting reports. Students will also learn about specialist areas such as tax, auditing, credit management, and cash and treasury management. It comprises six mandatory units (420 guided learning hours):</p>\r\n\r\n<p>&bull; Management Accounting: Budgeting<br />\r\n&bull; Management Accounting: Decision and Control<br />\r\n&bull; Financial Statements of Limited Companies<br />\r\n&bull; Accounting Systems and Controls<br />\r\n&bull; Business Tax<br />\r\n&bull; Personal Tax</p>\r\n\r\n<p>The&nbsp;<strong>Professional Diploma in Accounting&nbsp;</strong>can lead to employment as:</p>\r\n\r\n<ul>\r\n	<li>Accounts Payable and Expenses Supervisor</li>\r\n	<li>Assistant Financial Accountant</li>\r\n	<li>Commercial Analyst</li>\r\n	<li>Cost Accountant</li>\r\n	<li>Fixed Asset Accountant</li>\r\n	<li>Indirect Tax Manager</li>\r\n	<li>Payments and Billing Manager</li>\r\n	<li>Payroll Manager</li>\r\n	<li>Senior Bookkeeper</li>\r\n	<li>Senior Finance Officer</li>\r\n	<li>Senior Fund Accountant</li>\r\n	<li>Senior Insolvency Administrator</li>\r\n	<li>Tax Supervisor</li>\r\n	<li>VAT Accountant</li>\r\n</ul>', 'AAT Level 4_1588686463.jpg', 1, 1, '2020-05-05 12:47:43', '2020-05-05 12:47:43'),
(5, 2, 'Foundation Certificate in Bookkeeping', '<p>This qualification delivers the skills and essential knowledge to manage books effectively. It includes&nbsp;manual double entry bookkeeping, and associated documents and processes, up to Trial Balance standard.</p>\r\n\r\n<p>AAT qualifications are recognised by employers as practical and technical qualifications that prepare students for the world of work and for working specifically in accountancy and finance roles.&nbsp;</p>\r\n\r\n<p>The&nbsp;<strong>Foundation&nbsp;Certificate in Bookkeeping&nbsp;</strong>can lead to employment as:</p>\r\n\r\n<ul>\r\n	<li>Clerical Assistant</li>\r\n	<li>Trainee Bookkeeper</li>\r\n	<li>Accounts Clerk</li>\r\n	<li>Finance Assistant</li>\r\n	<li>Accounts Administrator</li>\r\n</ul>\r\n\r\n<p>&nbsp;</p>', 'AAT Level 2 BK_1590435156.jpg', 1, 1, '2020-05-25 17:32:36', '2020-05-25 17:32:36');

-- --------------------------------------------------------

--
-- Table structure for table `course_units`
--

CREATE TABLE `course_units` (
  `id` bigint(20) UNSIGNED NOT NULL,
  `course_id` int(11) NOT NULL,
  `unit_id` int(11) NOT NULL,
  `order` int(11) NOT NULL,
  `created_at` timestamp NULL DEFAULT NULL,
  `updated_at` timestamp NULL DEFAULT NULL
) ENGINE=InnoDB DEFAULT CHARSET=utf8mb4 COLLATE=utf8mb4_unicode_ci;

--
-- Dumping data for table `course_units`
--

INSERT INTO `course_units` (`id`, `course_id`, `unit_id`, `order`, `created_at`, `updated_at`) VALUES
(12, 1, 13, 2, '2020-05-05 12:17:17', '2020-07-05 12:27:41'),
(14, 2, 14, 1, '2020-05-05 12:54:39', '2020-05-05 12:54:39'),
(15, 2, 15, 2, '2020-05-05 12:57:02', '2020-05-05 13:07:30'),
(16, 2, 16, 3, '2020-05-05 13:07:08', '2020-05-05 13:07:30'),
(17, 2, 17, 4, '2020-05-05 13:09:46', '2020-05-05 13:09:46'),
(20, 3, 19, 1, '2020-05-05 13:29:14', '2020-05-05 13:29:14'),
(21, 3, 20, 2, '2020-05-05 13:30:48', '2020-05-05 13:30:48'),
(22, 3, 21, 3, '2020-05-05 13:33:33', '2020-05-05 13:33:33'),
(23, 3, 22, 4, '2020-05-05 13:35:53', '2020-05-05 13:35:53'),
(27, 4, 26, 1, '2020-05-05 13:44:56', '2020-05-05 13:44:56'),
(32, 4, 31, 6, '2020-05-05 14:15:28', '2020-05-05 14:15:28'),
(33, 4, 32, 7, '2020-05-05 14:17:33', '2020-05-05 14:17:33'),
(34, 5, 14, 2, '2020-05-26 07:52:03', '2020-05-26 07:53:04'),
(35, 5, 15, 1, '2020-05-26 07:52:14', '2020-05-26 07:53:04'),
(36, 1, 29, 1, '2020-07-05 12:27:26', '2020-07-05 12:27:41');

-- --------------------------------------------------------

--
-- Table structure for table `helpsheets`
--

CREATE TABLE `helpsheets` (
  `id` bigint(20) UNSIGNED NOT NULL,
  `name` varchar(255) COLLATE utf8mb4_unicode_ci NOT NULL,
  `link` varchar(255) COLLATE utf8mb4_unicode_ci NOT NULL,
  `status` int(11) NOT NULL,
  `created_at` timestamp NULL DEFAULT NULL,
  `updated_at` timestamp NULL DEFAULT NULL
) ENGINE=InnoDB DEFAULT CHARSET=utf8mb4 COLLATE=utf8mb4_unicode_ci;

--
-- Dumping data for table `helpsheets`
--

INSERT INTO `helpsheets` (`id`, `name`, `link`, `status`, `created_at`, `updated_at`) VALUES
(1, 'VAT Split 20%', 'VAT Split 20_1589194020.pdf', 1, '2020-05-11 09:47:00', '2020-05-18 10:26:04'),
(2, 'Bank Reconciliations', 'Bank Rec Notes_1589194193.pdf', 1, '2020-05-11 09:49:53', '2020-05-11 09:49:53'),
(3, 'Types of Business', 'Types of Business_1589290827.pdf', 1, '2020-05-12 12:40:27', '2020-05-12 12:40:27'),
(4, 'Accounting for a sale', 'Accounting for a sale_1589902459.pdf', 1, '2020-05-12 12:40:59', '2020-05-19 13:34:19'),
(5, 'Balancing Off', 'balancing off_1589290881.pdf', 1, '2020-05-12 12:41:21', '2020-05-12 12:41:21'),
(6, 'Cash and Credit Sales', 'Cash and Credit Sales_1589290912.pdf', 1, '2020-05-12 12:41:52', '2020-05-12 12:41:52'),
(7, 'Cashbook Cash and Credit Receipts', 'Cashbook cash and credit receipts_1589804798.pdf', 1, '2020-05-18 11:26:38', '2020-05-18 11:26:56'),
(8, 'Different Account Names for the Same Accounts', 'Different Account Names for the Same Accounts_1590083271.pdf', 1, '2020-05-21 15:47:51', '2020-05-21 15:47:51'),
(9, 'How to Work out Debits and Credits', 'How to Work out Debits and Credits_1590083291.pdf', 1, '2020-05-21 15:48:11', '2020-05-21 15:48:11'),
(10, 'Capital and Revenue', 'Capital and Revenue_1590083315.pdf', 1, '2020-05-21 15:48:35', '2020-05-21 15:48:35'),
(11, 'PEARLS Double Entry', 'PEARLS Double Entry_1590083328.pdf', 1, '2020-05-21 15:48:48', '2020-05-21 15:48:48'),
(12, 'Uses of Control Accounts', 'Uses of Control Accounts_1590083348.pdf', 1, '2020-05-21 15:49:08', '2020-05-21 15:49:08'),
(13, 'Depreciation Notes', 'Depreciation Notes_1590083372.pdf', 1, '2020-05-21 15:49:32', '2020-05-21 15:49:32'),
(14, 'Depreciation and Disposal', 'Depreciation and Disposal_1590083386.pdf', 1, '2020-05-21 15:49:46', '2020-05-21 15:49:46'),
(15, 'Accounting for Part Exchange', 'Accounting for Part Exchange_1590083413.pdf', 1, '2020-05-21 15:50:13', '2020-05-21 15:50:13'),
(16, 'Calculating Disposals in Incomplete Records', 'Calculating Disposals in Incomplete Records_1590083425.pdf', 1, '2020-05-21 15:50:25', '2020-05-21 15:50:25'),
(17, 'Accruals and Prepayments', 'Accruals and Prepayments_1590083466.pdf', 1, '2020-05-21 15:51:06', '2020-05-21 15:51:06'),
(18, 'Accrual and Prepayment of Income', 'Accrual and Prepayment of Income_1590083479.pdf', 1, '2020-05-21 15:51:19', '2020-05-21 15:51:19'),
(19, 'Accrued Income', 'Accrued Income_1590083489.pdf', 1, '2020-05-21 15:51:29', '2020-05-21 15:51:29'),
(20, 'Prepaid Rental Income', 'Prepaid Rental Income_1590083530.pdf', 1, '2020-05-21 15:52:10', '2020-05-21 15:52:10'),
(21, 'Bad Debt Provision Notes', 'Bad Debt Provision Notes_1590083912.pdf', 1, '2020-05-21 15:58:32', '2020-05-21 15:58:32'),
(22, 'Stock', 'Stock_1590083928.pdf', 1, '2020-05-21 15:58:48', '2020-05-21 15:58:48'),
(23, 'NRV Illustration', 'NRV Illustration_1590083944.pdf', 1, '2020-05-21 15:59:04', '2020-05-21 15:59:04'),
(24, 'Stock Valuation and Net Realisable Value', 'Stock Valuation and Net Realisable Value_1590083970.pdf', 1, '2020-05-21 15:59:30', '2020-05-21 15:59:30'),
(25, 'Is and Should be (Journals)', 'Is and Should be (Journals)_1590084022.pdf', 1, '2020-05-21 16:00:22', '2020-05-21 16:00:22'),
(26, 'Suspense Accounts', 'Suspense Accounts_1590084043.pdf', 1, '2020-05-21 16:00:43', '2020-05-21 16:00:43'),
(27, 'Accounting For a Purchase', 'Accounting for a purchase_1590151394.pdf', 1, '2020-05-22 10:43:14', '2020-05-22 10:43:14'),
(28, 'Cash and Credit Purchases', 'Cash and credit purchases_1590151448.pdf', 1, '2020-05-22 10:44:08', '2020-05-22 10:44:08'),
(29, 'Petty Cash', 'Petty Cash_1590152098.pdf', 1, '2020-05-22 10:54:58', '2020-05-22 10:54:58'),
(30, 'Wages Control Notes', 'Wages control notes_1590157221.pdf', 1, '2020-05-22 12:20:21', '2020-05-22 12:20:21'),
(31, 'Wages Control Notes 2', 'Wages control notes 2_1590157237.pdf', 1, '2020-05-22 12:20:37', '2020-05-22 12:20:37'),
(32, 'Wages Control Example', 'Wages control example_1590157255.pdf', 1, '2020-05-22 12:20:55', '2020-05-22 12:20:55'),
(33, 'Wages Control Account Example', 'Wages control account example_1590157275.pdf', 1, '2020-05-22 12:21:15', '2020-05-22 12:21:15'),
(34, 'How to do AVCO Stock Valuations', 'How to do AVCO Stock Valuations_1590160996.pdf', 1, '2020-05-22 13:23:16', '2020-05-22 13:23:16'),
(35, 'Manufacturing Accounts', 'Manufacturing Accounts_1590161014.pdf', 1, '2020-05-22 13:23:34', '2020-05-22 13:23:34'),
(36, 'Overtime Premium', 'Overtime Premium_1590161148.pdf', 1, '2020-05-22 13:25:48', '2020-05-22 13:25:48'),
(37, 'Stock Valuation FIFO / LIFO', 'Stock valuation FIFO LIFO_1590161170.pdf', 1, '2020-05-22 13:26:10', '2020-05-22 13:26:10'),
(38, 'Variances', 'Variances_1590161184.pdf', 1, '2020-05-22 13:26:24', '2020-05-22 13:26:24'),
(39, 'Solvency', 'Solvency_1590166633.pdf', 1, '2020-05-22 14:57:13', '2020-05-22 14:57:13'),
(40, 'Professional Ethics Fundamental Principles', 'Proessional Ethics Fundmental Principles_1590166696.pdf', 1, '2020-05-22 14:58:16', '2020-05-22 14:58:16'),
(41, 'Sustainability', 'Sustainability_1590166764.pdf', 1, '2020-05-22 14:59:24', '2020-05-22 14:59:24'),
(42, 'Internal Policies and External Regulations', 'Internal policies and external regulations_1590166818.pdf', 1, '2020-05-22 15:00:18', '2020-05-22 15:00:18'),
(43, 'Effective Communication', 'Effective Communication_1590169977.pdf', 1, '2020-05-22 15:52:57', '2020-05-22 15:52:57'),
(44, 'Rounding Rules Detailed', 'Rounding Rules detailed_1590170263.pdf', 1, '2020-05-22 15:57:43', '2020-05-22 15:57:43'),
(45, 'CPD', 'CPD_1590170276.pdf', 1, '2020-05-22 15:57:56', '2020-05-22 15:57:56'),
(46, 'CPD Guide', 'CPD_Guide_1590170288.pdf', 1, '2020-05-22 15:58:08', '2020-05-22 15:59:25'),
(47, 'Teamwork', 'Teamwork_1590170439.pdf', 1, '2020-05-22 16:00:39', '2020-05-22 16:00:39'),
(48, 'Principles,Threats and Safeguards', 'Principles,Threats and Safeguards_1590172102.pdf', 1, '2020-05-22 16:28:22', '2020-05-22 16:28:22'),
(49, 'Final Accounts', 'Final Accounts_1590172148.pdf', 1, '2020-05-22 16:29:08', '2020-05-22 16:29:08'),
(50, 'Trade and Settlement Discounts', 'Trade and Settlement Discounts_1590172159.pdf', 1, '2020-05-22 16:29:19', '2020-05-22 16:29:19'),
(52, 'Calculating Disposals in Incomplete Records', 'Calculating Disposals in Incomplete Records_1590173218.pdf', 1, '2020-05-22 16:46:58', '2020-05-22 16:46:58'),
(53, 'Incomplete Records Logic', 'Incomplete Records Logic_1590173505.pdf', 1, '2020-05-22 16:51:45', '2020-05-22 16:51:45'),
(54, 'Incomplete Records How to Find Purchases', 'Incomplete Records  How to Find Purchases_1590173531.pdf', 1, '2020-05-22 16:52:11', '2020-05-22 16:52:11'),
(55, 'Incomplete Records How to Find Sales Markups and Margins', 'Incomplete Records How to Find Sales Markups and Margins_1590173548.pdf', 1, '2020-05-22 16:52:28', '2020-05-22 16:52:28'),
(56, 'Partnership Appropriation Account', 'Partnership Appropriation Account_1590261955.pdf', 1, '2020-05-23 17:25:55', '2020-05-23 17:25:55'),
(57, 'Partnership Final Accounts', 'Partnership Final Accounts_1590261965.pdf', 1, '2020-05-23 17:26:05', '2020-05-23 17:26:05'),
(58, 'Goodwill in Partnership Accounts', 'Goodwill in Partnership Accounts_1590262479.pdf', 1, '2020-05-23 17:34:39', '2020-05-23 17:34:39'),
(59, 'AVCO', 'AVCO_1590272829.pdf', 1, '2020-05-23 20:27:09', '2020-05-23 20:27:09'),
(60, 'FIFO LIFO', 'FIFO LIFO_1590272844.pdf', 1, '2020-05-23 20:27:24', '2020-05-23 20:27:24'),
(61, 'The Reasoning Behind EOQ', 'The Reasoning Behind EOQ_1590272992.pdf', 1, '2020-05-23 20:29:52', '2020-05-23 20:29:52'),
(62, 'Cost Bookkeeping', 'Cost Bookkeeping_1590273058.pdf', 1, '2020-05-23 20:30:58', '2020-05-23 20:30:58'),
(63, 'Semi Variable Costs Notes and Q1', 'Semi Variable Costs Notes and Q1_1590273079.pdf', 1, '2020-05-23 20:31:19', '2020-05-23 20:31:19'),
(64, 'Step Fixed Cost Notes', 'Step Fixed Cost Notes_1590273089.pdf', 1, '2020-05-23 20:31:29', '2020-05-23 20:31:29'),
(65, 'Overhead Absorption', 'Overhead Absorption_1590273112.pdf', 1, '2020-05-23 20:31:52', '2020-05-23 20:31:52'),
(66, 'Activity Based Costing', 'Activity Based Costing_1590273141.pdf', 1, '2020-05-23 20:32:21', '2020-05-23 20:32:21'),
(67, 'Complex Process Costing', 'Complex Process Costing_1590278497.pdf', 1, '2020-05-23 22:01:37', '2020-05-23 22:01:37'),
(68, 'Process Costing 1', 'Process Costing 1_1590278541.pdf', 1, '2020-05-23 22:02:21', '2020-05-23 22:02:21'),
(69, 'Process Costing 2', 'Process Costing 2_1590278553.pdf', 1, '2020-05-23 22:02:33', '2020-05-23 22:02:33'),
(70, 'The Accounts of Manufacturers', 'The Accounts of Manufacturers_1590278584.pdf', 1, '2020-05-23 22:03:04', '2020-05-23 22:03:04'),
(71, 'Flexed Budget', 'Flexed Budget_1590278610.pdf', 1, '2020-05-23 22:03:30', '2020-05-23 22:03:30'),
(72, 'Marginal Costing and Limiting Factors', 'Marginal Costing and Limiting Factors_1590278674.pdf', 1, '2020-05-23 22:04:34', '2020-05-23 22:04:34'),
(73, 'Product Ranking Notes', 'Product Ranking Notes_1590278687.pdf', 1, '2020-05-23 22:04:47', '2020-05-23 22:04:47'),
(74, 'Discounted Cash Flow', 'Discounted Cash Flow_1590278969.pdf', 1, '2020-05-23 22:09:29', '2020-05-23 22:09:29'),
(75, 'Discounted Cash Flows Net Present Values', 'Discounted Cash Flows Net Present Values_1590278999.pdf', 1, '2020-05-23 22:09:59', '2020-05-23 22:09:59'),
(76, 'Absorption Costing Data', 'Absorption Costing Data_1590413972.pdf', 1, '2020-05-25 11:39:32', '2020-05-25 11:39:32'),
(77, 'Marginal vs Absorption', 'Marginal vs Absorption_1590414007.pdf', 1, '2020-05-25 11:40:07', '2020-05-25 11:40:07'),
(78, 'Retail Price Index', 'Retail Price Index_1590414041.pdf', 1, '2020-05-25 11:40:41', '2020-05-25 11:40:41'),
(79, 'Limiting Factors', 'Limiting Factors_1590415506.pdf', 1, '2020-05-25 12:05:06', '2020-05-25 12:05:06'),
(80, 'Variance Analysis', 'Variance Analysis_1590418200.pdf', 1, '2020-05-25 12:50:00', '2020-05-25 12:50:00'),
(81, 'BGT - Guidance on Extended Writing Tasks', 'BGT - Guidance on Extended Writing Tasks_1590418226.pdf', 1, '2020-05-25 12:50:26', '2020-05-25 12:50:26');

-- --------------------------------------------------------

--
-- Table structure for table `migrations`
--

CREATE TABLE `migrations` (
  `id` int(10) UNSIGNED NOT NULL,
  `migration` varchar(255) COLLATE utf8mb4_unicode_ci NOT NULL,
  `batch` int(11) NOT NULL
) ENGINE=InnoDB DEFAULT CHARSET=utf8mb4 COLLATE=utf8mb4_unicode_ci;

--
-- Dumping data for table `migrations`
--

INSERT INTO `migrations` (`id`, `migration`, `batch`) VALUES
(1, '2014_10_12_000000_create_users_table', 1),
(2, '2014_10_12_100000_create_password_resets_table', 1),
(4, '2020_04_30_214700_create_user_assignments_table', 1),
(5, '2020_04_30_214924_create_result_types_table', 1),
(6, '2020_04_30_215241_create_user_courses_table', 1),
(7, '2020_04_30_215952_create_versions_table', 1),
(8, '2020_04_30_221159_create_professional_bodies_table', 1),
(9, '2020_04_30_221344_create_course_units_table', 1),
(12, '2020_04_30_225355_create_assignment_types_table', 1),
(13, '2020_04_30_232124_create_assignment_helpsheets_table', 1),
(14, '2020_04_30_232157_create_assignment_resources_table', 1),
(15, '2020_04_30_232334_create_resources_table', 1),
(16, '2020_04_30_235932_create_resource_types_table', 1),
(18, '2020_04_30_214547_create_courses_table', 2),
(19, '2020_04_30_221725_create_units_table', 2),
(20, '2020_04_30_221837_create_assignments_table', 3),
(21, '2020_05_01_000030_create_helpsheets_table', 4);

-- --------------------------------------------------------

--
-- Table structure for table `password_resets`
--

CREATE TABLE `password_resets` (
  `email` varchar(255) COLLATE utf8mb4_unicode_ci NOT NULL,
  `token` varchar(255) COLLATE utf8mb4_unicode_ci NOT NULL,
  `created_at` timestamp NULL DEFAULT NULL
) ENGINE=InnoDB DEFAULT CHARSET=utf8mb4 COLLATE=utf8mb4_unicode_ci;

-- --------------------------------------------------------

--
-- Table structure for table `professional_bodies`
--

CREATE TABLE `professional_bodies` (
  `id` bigint(20) UNSIGNED NOT NULL,
  `name` varchar(255) COLLATE utf8mb4_unicode_ci NOT NULL,
  `status` int(11) NOT NULL,
  `created_at` timestamp NULL DEFAULT NULL,
  `updated_at` timestamp NULL DEFAULT NULL
) ENGINE=InnoDB DEFAULT CHARSET=utf8mb4 COLLATE=utf8mb4_unicode_ci;

--
-- Dumping data for table `professional_bodies`
--

INSERT INTO `professional_bodies` (`id`, `name`, `status`, `created_at`, `updated_at`) VALUES
(2, 'Association of Accounting Technicians', 1, '2020-05-02 23:36:23', '2020-05-03 00:15:22'),
(3, 'Institute of Certified Bookkeepers', 1, '2020-05-02 23:44:03', '2020-05-02 23:44:03');

-- --------------------------------------------------------

--
-- Table structure for table `resources`
--

CREATE TABLE `resources` (
  `id` bigint(20) UNSIGNED NOT NULL,
  `resource_type_id` int(11) NOT NULL,
  `name` varchar(255) COLLATE utf8mb4_unicode_ci NOT NULL,
  `link` varchar(255) COLLATE utf8mb4_unicode_ci NOT NULL,
  `status` int(11) NOT NULL,
  `created_at` timestamp NULL DEFAULT NULL,
  `updated_at` timestamp NULL DEFAULT NULL
) ENGINE=InnoDB DEFAULT CHARSET=utf8mb4 COLLATE=utf8mb4_unicode_ci;

--
-- Dumping data for table `resources`
--

INSERT INTO `resources` (`id`, `resource_type_id`, `name`, `link`, `status`, `created_at`, `updated_at`) VALUES
(2, 3, 'Understand the role of the bookkeeper', 'WqKFhusfA6M', 1, '2020-05-09 23:40:22', '2020-05-09 23:40:22'),
(3, 1, 'Access Award in Bookkeeping Study Manual - What is a bookkeeper - Chapter 1', 'Access Award in Bookkeeping Study Manual  What is a bookkeeper Chapter 1_1589078478.pdf', 1, '2020-05-10 01:41:18', '2020-05-10 01:41:18'),
(4, 1, 'Access Award in Bookkeeping Study Manual - Bookkeeping Terminology - Chapter 2', 'Access Award in Bookkeeping Study Manual Bookkeeping Terminology Chapter 2_1589135332.pdf', 1, '2020-05-10 17:28:52', '2020-05-10 17:28:52'),
(5, 1, 'Access Award in Bookkeeping Study Manual - Documents used in buying and selling - Chapter 3', 'Access Award in Bookkeeping Study Manual Documents used in buying and selling Chapter 3_1589135366.pdf', 1, '2020-05-10 17:29:26', '2020-05-10 17:29:26'),
(6, 3, 'Ethical Behaviour', '78G0CO1iZf8', 1, '2020-05-10 17:53:02', '2020-05-10 17:53:02'),
(7, 3, 'Confidentiality and data security', 'xIeC5NfGomU', 1, '2020-05-10 17:57:22', '2020-05-10 17:57:22'),
(8, 2, 'Role of a bookkeeper and confidentiality', 'L1_QA1_Role%20of%20a%20bookkeeper%20and%20confidentiality.php', 1, '2020-05-10 17:59:09', '2020-05-10 17:59:09'),
(9, 3, 'Assets and Liabilities', '4xjsM_Zz7cM', 1, '2020-05-10 18:03:37', '2020-05-10 18:03:37'),
(10, 3, 'Income and Expenditure', 'EcdFnjgEuhQ', 1, '2020-05-10 18:03:57', '2020-05-10 18:03:57'),
(11, 2, 'Assets Liabilities Income and Expenses', 'L1_QA1_Assets%20Liabilities%20Income%20and%20Expenses.php', 1, '2020-05-10 18:04:26', '2020-05-10 18:04:26'),
(12, 3, 'Documents', 'Fcai34KnRS4', 1, '2020-05-10 18:05:03', '2020-05-10 18:05:03'),
(13, 2, 'Buying and Selling Process', 'L1_QA1_Buying%20and%20Selling%20Process.php', 1, '2020-05-10 18:05:25', '2020-05-10 18:05:25'),
(14, 1, 'Access Award in Bookkeeping Study Manual - Avoiding Errors - Chapter 4', 'Access Award in Bookkeeping Study Manual Avoiding Errors Chapter 4_1589201308.pdf', 1, '2020-05-11 11:48:28', '2020-05-11 11:48:28'),
(15, 3, 'Checking Documents', 'zl05YvimhzE', 1, '2020-05-11 11:51:12', '2020-05-11 11:51:12'),
(16, 2, 'Accuracy in Bookkeeping', 'L1_QA1_Accuracy%20in%20bookkeeping.php', 1, '2020-05-11 11:51:57', '2020-05-11 11:51:57'),
(17, 1, 'Access Award in Bookkeeping Study - Manual Recording Financial Transactions - Chapter 5', 'Access Award in Bookkeeping Study Manual Recording Financial Transactions Chapter 5_1589799179.pdf', 1, '2020-05-11 11:53:20', '2020-05-18 09:52:59'),
(18, 3, 'Sales Day Book and Sales Returns Day Book', 'N6dhRYOFFm0', 1, '2020-05-11 11:53:50', '2020-05-11 11:53:50'),
(19, 3, 'Purchases Day Book and Purchases Returns Day Book', 'F8PHJNCqJRA', 1, '2020-05-11 11:54:13', '2020-05-11 11:54:13'),
(20, 3, 'Cross Casting', 'alN9ezeyfAw', 1, '2020-05-11 11:54:44', '2020-05-11 11:54:44'),
(21, 2, 'Record sales and purchase invoices and credit notes in books of prime entry', 'L1_QA1_Record%20sales%20and%20purchase%20invoices%20and%20credit%20notes%20in%20books%20of%20prime%20entry.php', 1, '2020-05-11 11:55:16', '2020-05-11 11:55:16'),
(22, 2, 'Process receipts and payments', 'L1_QA1_Process%20receipts%20and%20payments.php', 1, '2020-05-11 11:56:11', '2020-05-11 11:56:11'),
(23, 1, 'Access Award in Bookkeeping Study Manual - The Dual Effect of Transactions - Chapter 6', 'Access Award in Bookkeeping Study Manual The Dual Effect of Transactions Chapter 6_1589236454.pdf', 1, '2020-05-11 21:34:14', '2020-05-11 21:34:14'),
(24, 3, 'Dual Effect', 'iM_Mdf6zmQ0', 1, '2020-05-11 21:34:34', '2020-05-11 21:34:34'),
(25, 2, 'Dual effect of transactions', 'L1_QA1_Dual%20effect%20of%20transactions.php', 1, '2020-05-11 21:35:07', '2020-05-11 21:35:07'),
(26, 1, 'Access Award in Bookkeeping Study Manual - The Cash Book and Bank Statement - Chapter 7', 'Access Award in Bookkeeping Study Manual The Cash Book and Bank Statement Chapter 7_1589236539.pdf', 1, '2020-05-11 21:35:40', '2020-05-11 21:35:40'),
(27, 3, 'Cash Book Receipts', '1F9uOrw0_uw', 1, '2020-05-11 21:36:01', '2020-05-11 21:36:01'),
(28, 3, 'Cash Book Payments', 'ucLjrpq2c5Y', 1, '2020-05-11 21:36:18', '2020-05-11 21:36:18'),
(29, 1, 'Bookkeeping Transactions - Accounting Roles and Transactions - Chapter 1', 'Bookkeeping Transactions Accounting Roles and Transactions Chapter 1_1589282170.pdf', 1, '2020-05-12 10:16:10', '2020-05-12 10:16:10'),
(30, 3, 'Types of Business', 'XfAHdqu0n2U', 1, '2020-05-12 10:20:54', '2020-05-12 10:20:54'),
(31, 2, 'Recap Questions for Chapter 1', 'test/pb_quiz_ch1/quiz.html', 1, '2020-05-12 10:38:39', '2020-05-12 10:38:39'),
(32, 1, 'Bookkeeping Transactions - Selling Goods and Services - Chapter 2', 'Bookkeeping Transactions Selling Goods and Services Chapter 2_1589287866.pdf', 1, '2020-05-12 11:51:06', '2020-05-12 11:51:06'),
(33, 3, 'The Capital Account', '7ryB96v741E', 1, '2020-05-12 11:51:40', '2020-05-12 11:51:40'),
(34, 2, 'Recap Questions for Chapter 2', 'test/ap_quiz_ch2/quiz.html', 1, '2020-05-12 11:53:05', '2020-05-12 11:53:05'),
(35, 1, 'Bookkeeping Transactions - VAT - Chapter 3', 'Bookkeeping Transactions VAT Chapter 3_1589288364.pdf', 1, '2020-05-12 11:59:24', '2020-05-12 11:59:24'),
(36, 3, 'Five things you need to know about VAT', 'w6VGx22glAI', 1, '2020-05-12 12:26:52', '2020-05-12 12:26:52'),
(37, 3, 'VAT Calculations', 'CIUB8sVpLKc', 1, '2020-05-12 12:27:53', '2020-05-12 12:27:53'),
(38, 2, 'Recap Questions for Chapter 3', 'test/pb_quiz_ch3/quiz.html', 1, '2020-05-12 12:29:22', '2020-05-12 12:29:22'),
(39, 1, 'Bookkeeping Transactions - Recording Sales and Sales Returns - Chapter 4', 'Bookkeeping Transactions Recording Sales and Sales Returns Chapter 4_1589290296.pdf', 1, '2020-05-12 12:31:36', '2020-05-12 12:31:36'),
(40, 3, 'Sales Day Book', 'kyIfdQRSkxg', 1, '2020-05-12 12:33:59', '2020-05-12 12:33:59'),
(41, 3, 'Posting Sales Day Book', 'v2FXvoY8LoU', 1, '2020-05-12 12:34:32', '2020-05-12 12:34:32'),
(42, 3, 'Balancing Accounts', 'v_-RTMME2qM', 1, '2020-05-12 12:34:59', '2020-05-12 12:34:59'),
(43, 2, 'Recap Questions for Chapter 4', 'test/pb_quiz_ch4/quiz.html', 1, '2020-05-12 12:36:45', '2020-05-12 12:36:45'),
(44, 1, 'Bookkeeping Transactions - Cash Receipts and Cash Sales - Chapter 5', 'Bookkeeping Transactions Cash Receipts and Cash Sales Chapter 5_1589793236.pdf', 1, '2020-05-18 08:13:57', '2020-05-18 08:13:57'),
(45, 1, 'Bookkeeping Transactions - Recording Purchases - Chapter 6', 'Bookkeeping Transactions Recording Purchases Chapter 6_1589793315.pdf', 1, '2020-05-18 08:15:15', '2020-05-18 08:15:15'),
(46, 3, 'SPL and SFP', 'IK0rrS9Qn_Y', 1, '2020-05-21 13:24:51', '2020-05-21 13:24:51'),
(47, 1, 'Advanced Bookkeeping - What is Accounting? - Chapter 1', 'Advanced Bookkeeping What is Accounting Chapter 1_1590074828.pdf', 1, '2020-05-21 13:27:08', '2020-05-21 13:27:08'),
(48, 2, 'Recap Questions for Chapter 1', 'test/ap_quiz_ch1/quiz.html', 1, '2020-05-21 13:38:52', '2020-05-21 13:40:03'),
(49, 1, 'Advanced Bookkeeping - Principles of Double Entry - Chapter 2', 'Advanced Bookkeeping Principles of Double Entry Chapter 2_1590075818.pdf', 1, '2020-05-21 13:43:38', '2020-05-21 13:43:38'),
(51, 2, 'Recap Questions for Chapter 2', 'test/ap_quiz_ch2/quiz.html', 1, '2020-05-21 13:48:43', '2020-05-21 13:48:43'),
(52, 1, 'Advanced Bookkeeping - The Trial Balance - Chapter 3', 'Advanced Bookkeeping The Trial Balance Chapter 3_1590077178.pdf', 1, '2020-05-21 14:06:18', '2020-05-21 14:06:18'),
(53, 3, 'PEARLS', '2PChk-GlrCQ', 1, '2020-05-21 14:08:12', '2020-05-21 14:09:22'),
(54, 3, 'Errors not shown by Trial balance', 'bpwDFtCIsSI', 1, '2020-05-21 14:13:25', '2020-05-21 14:13:25'),
(55, 2, 'Recap Questions for Chapter 3', 'test/ap_quiz_ch3/quiz.html', 1, '2020-05-21 14:13:49', '2020-05-21 14:13:49'),
(57, 1, 'Advanced Bookkeeping - Control Accounts - Chapter 4', 'Advanced Bookkeeping Control Accounts Chapter 4_1590078517.pdf', 1, '2020-05-21 14:28:37', '2020-05-21 14:28:37'),
(58, 3, 'Control Accounts', '10dCSNWQdZY', 1, '2020-05-21 14:29:18', '2020-05-21 14:29:18'),
(59, 2, 'Recap Questions for Chapter 4', 'test/ap_quiz_ch4/quiz.html', 1, '2020-05-21 14:30:01', '2020-05-21 14:30:01'),
(60, 1, 'Advanced Bookkeeping - Non-Current Asset Purchase and Maintenance - Chapter 5', 'Advanced Bookkeeping Non Current Asset Purchase and Maintenance Chapter 5_1590078639.pdf', 1, '2020-05-21 14:30:39', '2020-05-21 14:30:39'),
(61, 3, 'Depreciation', 'eWXd3lqng0M', 1, '2020-05-21 14:31:01', '2020-05-21 14:31:01'),
(62, 2, 'Recap Questions for Chapter 5', 'test/ap_quiz_ch5/quiz.html', 1, '2020-05-21 14:31:39', '2020-05-21 14:31:39'),
(63, 1, 'Advanced Bookkeeping - Selling Non-Current Assets - Chapter 6', 'Advanced Bookkeeping Selling Non Current Assets Chapter 6_1590078741.pdf', 1, '2020-05-21 14:32:21', '2020-05-21 14:32:42'),
(64, 3, 'Non-Current Asset Disposal', 'MoaiGkNAiRk', 1, '2020-05-21 14:33:27', '2020-05-21 14:33:27'),
(65, 2, 'Recap Questions for Chapter 6', 'test/ap_quiz_ch6/quiz.html', 1, '2020-05-21 14:33:51', '2020-05-21 14:33:51'),
(66, 1, 'Advanced Bookkeeping - Accruals and Prepayments - Chapter 7', 'Advanced Bookkeeping Accruals and Prepayments Chapter 7_1590078878.pdf', 1, '2020-05-21 14:34:38', '2020-05-21 14:34:38'),
(67, 3, 'Accruals', 'QjFFa0Vi50s', 1, '2020-05-21 14:34:59', '2020-05-21 14:34:59'),
(68, 3, 'Prepayments', 'a9i9VeiXDN0', 1, '2020-05-21 14:35:18', '2020-05-21 14:35:18'),
(69, 2, 'Recap Questions for Chapter 7', 'test/ap_quiz_ch7/quiz.html', 1, '2020-05-21 14:35:37', '2020-05-21 14:35:37'),
(70, 1, 'Advanced Bookkeeping - Irrecoverable Debts - Chapter 8', 'Advanced Bookkeeping Irrecoverable Debts Chapter 8_1590079113.pdf', 1, '2020-05-21 14:38:33', '2020-05-21 14:38:33'),
(71, 3, 'Writing Off Bad Debt', 'ucpxD89kOpQ', 1, '2020-05-21 14:39:01', '2020-05-21 14:39:01'),
(72, 2, 'Recap Questions for Chapter 8', 'test/ap_quiz_ch8/quiz.html', 1, '2020-05-21 14:39:56', '2020-05-21 14:39:56'),
(73, 1, 'Advanced Bookkeeping - The Extended Trial Balance - Chapter 9', 'Advanced Bookkeeping The Extended Trial Balance Chapter 9_1590079332.pdf', 1, '2020-05-21 14:42:12', '2020-05-21 14:42:12'),
(74, 3, 'Extended Trial Balance', 'emdSivGuP58', 1, '2020-05-21 14:42:30', '2020-05-21 14:42:30'),
(75, 2, 'Recap Questions for Chapter 9', 'test/ap_quiz_ch9/quiz.html', 1, '2020-05-21 14:42:58', '2020-05-21 14:42:58'),
(76, 1, 'Advanced Bookkeeping - Accounting Principles - Chapter 10', 'Advanced Bookkeeping Accounting Principles Chapter 10_1590079423.pdf', 1, '2020-05-21 14:43:43', '2020-05-21 14:43:43'),
(77, 3, 'Accounting Principles (Materiality, going concern, etc)', 'qIcJGA5t6gI', 1, '2020-05-21 14:44:09', '2020-05-21 14:44:09'),
(78, 3, 'IAS 2 Inventories', '3-CpxHZOIVA', 1, '2020-05-21 14:44:33', '2020-05-21 14:44:33'),
(79, 3, 'IAS 16 PPE', 'zPUgHTNREao', 1, '2020-05-21 14:45:06', '2020-05-21 14:45:06'),
(80, 2, 'Recap Questions for Chapter 10', 'test/ap_quiz_ch10/quiz.html', 1, '2020-05-21 14:50:44', '2020-05-21 14:50:44'),
(81, 3, 'Suspense Account', '_2R5JC0QjIY', 1, '2020-05-21 14:51:17', '2020-05-21 14:51:17'),
(82, 3, 'Journals', '_SqDMQyc6OE', 1, '2020-05-21 14:52:09', '2020-05-21 14:52:09'),
(83, 3, 'Correcting Journals', '7bSmObd9Sy0', 1, '2020-05-21 14:52:28', '2020-05-21 14:52:28'),
(84, 3, 'Correcting Journals 2', '6Bt475Xl5T0', 1, '2020-05-21 14:52:45', '2020-05-21 14:52:45'),
(85, 1, 'Advanced Bookkeeping - Correcting Journals and Suspense Accounts - Chapter 11', 'Advanced Bookkeeping Correcting Journals and Suspense Accounts Chapter 11_1590080058.pdf', 1, '2020-05-21 14:53:20', '2020-05-21 14:54:18'),
(86, 2, 'Recap Questions for Chapter 11', 'test/ap_quiz_ch11/quiz.html', 1, '2020-05-21 14:54:45', '2020-05-21 14:54:45'),
(87, 1, 'Advanced Bookkeeping - Ethics in Bookkeeping - Chapter 12', 'Advanced Bookkeeping Ethics in Bookkeeping Chapter 12_1590080123.pdf', 1, '2020-05-21 14:55:23', '2020-05-21 14:55:23'),
(88, 3, 'Why do Accountants Need to be Ethical?', '41Tm9Ff2c5c', 1, '2020-05-21 14:56:45', '2020-05-21 14:56:45'),
(89, 2, 'Recap Questions for Chapter 12', 'test/peth_video_quiz/quiz.html', 1, '2020-05-21 14:57:31', '2020-05-21 14:57:31'),
(90, 1, 'Final Accounts Preparation - Business Structures - Chapter 1', 'Final Accounts Preparation Business Structures Chapter 1_1590086239.pdf', 1, '2020-05-21 16:37:19', '2020-05-21 16:37:19'),
(91, 3, 'Business Structures', 'kKzuvxw4G7E', 1, '2020-05-21 16:38:10', '2020-05-21 16:38:10'),
(92, 1, 'Final Accounts Preparation - Accounting Principles - Chapter 2', 'Final Accounts Preparation Accounting Principles Chapter 2_1590086324.pdf', 1, '2020-05-21 16:38:44', '2020-05-21 16:38:44'),
(93, 3, 'Who Is Interested in Final Accounts?', '22h7HO1DhvI', 1, '2020-05-21 16:39:10', '2020-05-21 16:39:10'),
(94, 3, 'Principles, Threats & Safeguards', 'amFv27Be3LA', 1, '2020-05-21 16:39:48', '2020-05-21 16:39:48'),
(95, 1, 'Final Accounts Preparation - Financial Statements - Chapter 3', 'Final Accounts Preparation Financial Statements Chapter 3_1590086425.pdf', 1, '2020-05-21 16:40:25', '2020-05-21 16:40:25'),
(96, 3, 'Format of SPL', 'uL6we2ohtqQ', 1, '2020-05-21 16:40:50', '2020-05-21 16:40:50'),
(97, 3, 'Format of SFP', '0GGvV4TqWLg', 1, '2020-05-21 16:41:12', '2020-05-21 16:41:12'),
(98, 2, 'Recap Questions for Chapter 3', 'test/fa_quiz_ch1/quiz.html', 1, '2020-05-21 17:04:19', '2020-05-21 17:04:19'),
(99, 1, 'Final Accounts Preparation - Accounting from Incomplete Records - Chapter 4', 'Final Accounts Preparation Accounting from Incomplete Records Chapter 4_1590087902.pdf', 1, '2020-05-21 17:05:02', '2020-05-21 17:05:02'),
(100, 3, 'Discount Allowed', 'd4mEUJmwOrc', 1, '2020-05-22 10:37:11', '2020-05-22 10:37:11'),
(101, 2, 'Recap Questions for Chapter 5', 'test/pb_quiz_ch5/quiz.html', 1, '2020-05-22 10:37:35', '2020-05-22 10:37:35'),
(102, 1, 'Bookkeeping Transactions - Recording Purchases - Chapter 6', 'Bookkeeping Transactions Recording Purchases Chapter 6_1590151113.pdf', 1, '2020-05-22 10:38:33', '2020-05-22 10:38:33'),
(103, 3, 'Purchase Day Books', 'ao327zXGDNI', 1, '2020-05-22 10:40:15', '2020-05-22 10:40:15'),
(104, 3, 'Postings from the Purchase Day Books', '9wK8K9l2TRY', 1, '2020-05-22 10:40:34', '2020-05-22 10:40:34'),
(105, 3, 'Discounts Received', '6W6OyHRRaOs', 1, '2020-05-22 10:41:08', '2020-05-22 10:41:08'),
(106, 2, 'Recap Questions for Chapter 6', 'test/pb_quiz_ch7/quiz.html', 1, '2020-05-22 10:41:39', '2020-05-22 10:41:39'),
(107, 1, 'Bookkeeping Transactions - Making Payments - Chapter 7', 'Bookkeeping Transactions Making Payments Chapter 7_1590151488.pdf', 1, '2020-05-22 10:44:48', '2020-05-22 10:44:48'),
(108, 3, 'Posting from the Cash Book', 'boQKFbK86UI', 1, '2020-05-22 10:46:11', '2020-05-22 10:46:11'),
(109, 2, 'Recap Questions for Chapter 7', 'L2_BTRN_Q7U.php', 1, '2020-05-22 10:46:28', '2020-05-22 10:46:28'),
(110, 1, 'Bookkeeping Transactions - Petty Cash - Chapter 8', 'Bookkeeping Transactions Petty Cash Chapter 8_1590151788.pdf', 1, '2020-05-22 10:49:48', '2020-05-22 10:49:48'),
(111, 3, 'Petty Cash', 'Qyyhf0gQX0M', 1, '2020-05-22 10:50:02', '2020-05-22 10:50:02'),
(112, 1, 'Bookkeeping Transactions - The Trial Balance and the Accounting Equation - Chapter 9', 'Bookkeeping Transactions The Trial Balance and the Accounting Equation Chapter 9_1590151834.pdf', 1, '2020-05-22 10:50:34', '2020-05-22 10:50:34'),
(113, 3, 'The Trial Balance', 'QwtTh1pB8bk', 1, '2020-05-22 10:51:17', '2020-05-22 10:51:17'),
(114, 3, 'The Accounting Equation', 'DWpkge8IhGY', 1, '2020-05-22 10:51:36', '2020-05-22 10:51:36'),
(115, 3, 'Capital and Revenue', 'bCSgH_-Y2qc', 1, '2020-05-22 10:53:04', '2020-05-22 10:53:04'),
(116, 3, 'Capital Item', 'zgFm26IeAuY', 1, '2020-05-22 10:53:36', '2020-05-22 10:53:36'),
(117, 1, 'Bookkeeping Controls - Control Accounts - Chapter 1', 'Bookkeeping Controls Control Accounts Chapter 1_1590152689.pdf', 1, '2020-05-22 11:04:49', '2020-05-22 11:04:49'),
(118, 3, 'Sales Ledger Control', 'KIXyopjHbp4', 1, '2020-05-22 11:07:14', '2020-05-22 11:07:14'),
(119, 3, 'Purchases Ledger Control', 'B6G0pLFUVws', 1, '2020-05-22 11:07:43', '2020-05-22 11:07:43'),
(120, 3, 'VAT Control Account', 'eHLwTcd9UtQ', 1, '2020-05-22 11:08:05', '2020-05-22 11:08:05'),
(121, 1, 'Bookkeeping Controls - Wages and Salaries - Chapter 2', 'Bookkeeping Controls Wages and Salaries Chapter 2_1590152989.pdf', 1, '2020-05-22 11:09:49', '2020-05-22 11:09:49'),
(122, 3, 'Wages Control', 'tA_n_EBCNfk', 1, '2020-05-22 11:10:50', '2020-05-22 11:10:50'),
(123, 2, 'Recap Questions for Chapter 2', 'test/pb_quiz_ch10/quiz.html', 1, '2020-05-22 11:11:42', '2020-05-22 11:11:42'),
(124, 1, 'Bookkeeping Controls - Less Common Transactions - Chapter 3', 'Bookkeeping Controls Less Common Transactions Chapter 3_1590157322.pdf', 1, '2020-05-22 12:22:02', '2020-05-22 12:22:02'),
(125, 3, 'Opening Entries', 'N6Fzs3lKDVs', 1, '2020-05-22 12:22:17', '2020-05-22 12:22:17'),
(126, 3, 'Irrecoverable Debts', 'ZZl1uqEX5Zo', 1, '2020-05-22 12:22:57', '2020-05-22 12:22:57'),
(127, 2, 'Recap Questions for Chapter 3', 'test/pb_quiz_ch12/quiz.html', 1, '2020-05-22 12:23:28', '2020-05-22 12:23:28'),
(128, 1, 'Bookkeeping Controls - The Cash Book and Bank Statement - Chapter 4', 'Bookkeeping Controls The Cash Book and Bank Statement Chapter 4_1590157449.pdf', 1, '2020-05-22 12:24:09', '2020-05-22 12:24:09'),
(129, 3, 'Bank Reconciliation', 'gYY31lGqjdY', 1, '2020-05-22 12:24:38', '2020-05-22 12:24:38'),
(130, 2, 'Recap Questions for Chapter 4', 'test/pb_quiz_ch13/quiz.html', 1, '2020-05-22 12:25:23', '2020-05-22 12:25:23'),
(131, 1, 'Bookkeeping Controls - Methods of Payment - Chapter 5', 'Bookkeeping Controls Methods of Payment Chapter 5_1590157663.pdf', 1, '2020-05-22 12:27:43', '2020-05-22 12:27:43'),
(132, 3, 'Methods of payment', 'vDkJmuFo8WE', 1, '2020-05-22 12:30:24', '2020-05-22 12:30:24'),
(133, 1, 'Bookkeeping Controls - Journals and the Trial Balance - Chapter 6', 'Bookkeeping Controls Journals and the Trial Balance Chapter 6_1590157932.pdf', 1, '2020-05-22 12:32:12', '2020-05-22 12:32:12'),
(134, 3, 'Opening a Suspense Account', '_2R5JC0QjIY', 1, '2020-05-22 12:33:06', '2020-05-22 12:33:06'),
(135, 1, 'Elements of Costing - Identifying Costs - Chapter 1', 'Elements of Costing Identifying Costs Chapter 1_1590158478.pdf', 1, '2020-05-22 12:41:18', '2020-05-22 12:41:18'),
(136, 3, 'Cost Behaviour', 'w1hBg2e4j8M', 1, '2020-05-22 12:41:52', '2020-05-22 12:41:52'),
(137, 3, 'Direct and Indirect Cost', 'j-IvX7zjpW8', 1, '2020-05-22 12:42:15', '2020-05-22 12:42:15'),
(138, 3, 'High Low Method', 'fYqwBFWF08o', 1, '2020-05-22 12:43:46', '2020-05-22 12:43:46'),
(139, 2, 'Recap Questions for Chapter 1', 'test/bc_quiz_ch1/quiz.html', 1, '2020-05-22 12:44:18', '2020-05-22 12:44:18'),
(140, 1, 'Elements of Costing - Cost Centres and Cost Absorption - Chapter 2', 'Elements of Costing Cost Centres and Cost Absorption Chapter 2_1590158739.pdf', 1, '2020-05-22 12:45:39', '2020-05-22 12:45:39'),
(141, 3, 'Absorption Costing', 'RtVEcaJ8DVY', 1, '2020-05-22 12:46:16', '2020-05-22 12:46:16'),
(142, 3, 'Absorption Costing 2', 'vC0PgYpQDOM', 1, '2020-05-22 12:46:38', '2020-05-22 12:46:38'),
(143, 1, 'Elements of Costing - Material Costs - Chapter 3', 'Elements of Costing Material Costs Chapter 3_1590158884.pdf', 1, '2020-05-22 12:48:04', '2020-05-22 12:48:04'),
(144, 3, 'Manufacturing Account', 'HjWNkOY_xWU', 1, '2020-05-22 12:48:51', '2020-05-22 12:48:51'),
(145, 3, 'FIFO-LIFO', 'mET0ViMfiW8', 1, '2020-05-22 13:00:28', '2020-05-22 13:00:28'),
(146, 3, 'AVCO', 'Y1RUpyMvICQ', 1, '2020-05-22 13:01:06', '2020-05-22 13:01:06'),
(147, 2, 'Recap Questions for Chapter 3', 'test/bc_quiz_ch3/quiz.html', 1, '2020-05-22 13:01:50', '2020-05-22 13:01:50'),
(148, 1, 'Elements of Costing - Labour Costs - Chapter 4', 'Elements of Costing Labour Costs Chapter 4_1590159847.pdf', 1, '2020-05-22 13:04:07', '2020-05-22 13:04:07'),
(149, 3, 'Overtime Premium', '62H8FclzKNs', 1, '2020-05-22 13:04:52', '2020-05-22 13:04:52'),
(150, 3, 'Coding', 'NEkV3M-7Alo', 1, '2020-05-22 13:05:23', '2020-05-22 13:05:23'),
(151, 3, 'Labour Costs', 'CJORhm5B4Xw', 1, '2020-05-22 13:05:38', '2020-05-22 13:05:38'),
(152, 3, 'Piecework and Bonuses', 'roz84r8uSr8', 1, '2020-05-22 13:06:04', '2020-05-22 13:06:04'),
(153, 3, 'Decimal Hours', 'D6MSJAdJpUA', 1, '2020-05-22 13:06:21', '2020-05-22 13:06:58'),
(154, 2, 'Recap Questions for Chapter 4', 'test/bc_quiz_ch4/quiz.html', 1, '2020-05-22 13:07:33', '2020-05-22 13:07:33'),
(155, 1, 'Elements of Costing - Budgets and Standard Costs - Chapter 5', 'Elements of Costing Budgets and Standard Costs Chapter 5_1590161347.pdf', 1, '2020-05-22 13:29:07', '2020-05-22 13:29:07'),
(156, 3, 'Budgets and Variances', 'J0rcm7CtAew', 1, '2020-05-22 13:29:57', '2020-05-22 13:29:57'),
(157, 3, 'Basic Variances', '9m_oIFDy2ic', 1, '2020-05-22 13:30:42', '2020-05-22 13:30:42'),
(158, 3, 'Standard Costs', 'o5xUzsl3FqU', 1, '2020-05-22 13:31:06', '2020-05-22 13:31:06'),
(159, 2, 'Recap Questions for Chapter 5', 'test/bc_quiz_ch5/quiz.html', 1, '2020-05-22 13:31:34', '2020-05-22 13:31:34'),
(160, 1, 'Work Effectively in Finance - Accounting and Finance in the Workplace - Chapter 1', 'Work Effectively in Finance Accounting and Finance in the Workplace Chapter 1_1590163803.pdf', 1, '2020-05-22 14:10:03', '2020-05-22 14:10:03'),
(161, 3, 'Accounting Functions', '7ApLV1XHBaI', 1, '2020-05-22 14:13:55', '2020-05-22 14:13:55'),
(162, 2, 'Recap Questions for Chapter 1', 'test/weaf_quiz_ch1/quiz.html', 1, '2020-05-22 14:14:20', '2020-05-22 14:14:20'),
(163, 1, 'Work Effectively in Finance - The Need for Efficient Accounting - Chapter 2', 'Work Effectively in Finance The Need for Efficient Accounting Chapter 2_1590164095.pdf', 1, '2020-05-22 14:14:55', '2020-05-22 14:14:55'),
(164, 3, 'Solvency', 'vIPbmsJwrH0', 1, '2020-05-22 14:15:43', '2020-05-22 14:15:43'),
(165, 3, 'Useful Information', 'tgifU1-c5-E', 1, '2020-05-22 14:17:02', '2020-05-22 14:17:02'),
(166, 2, 'Recap Questions for Chapter 2', 'test/weaf_quiz_ch2/quiz.html', 1, '2020-05-22 14:17:40', '2020-05-22 14:17:40'),
(167, 1, 'Work Effectively in Finance - Company Policies and Procedures - Chapter 3', 'Work Effectively in Finance Company Policies and Procedures Chapter 3_1590164297.pdf', 1, '2020-05-22 14:18:17', '2020-05-22 14:18:17'),
(168, 3, 'Legislation and Regulation', '1lPE7wMEJG4', 1, '2020-05-22 14:20:34', '2020-05-22 14:20:34'),
(169, 3, 'Policies and Procedures', 's8nuixmQT7g', 1, '2020-05-22 14:21:19', '2020-05-22 14:21:19'),
(170, 3, 'Document Retention', '9jfTLbrL8es', 1, '2020-05-22 14:44:27', '2020-05-22 14:44:27'),
(171, 2, 'Recap Questions for Chapter 3', 'test/weaf_quiz_ch3/quiz.html', 1, '2020-05-22 14:44:57', '2020-05-22 14:44:57'),
(172, 1, 'Work Effectively in Finance - Ethics and Sustainability - Chapter 4', 'Work Effectively in Finance  Ethics and Sustainability Chapter 4_1590165964.pdf', 1, '2020-05-22 14:46:04', '2020-05-22 14:46:04'),
(173, 3, 'Professional Ethics', 'O-e6-bV3oCY', 1, '2020-05-22 14:46:46', '2020-05-22 14:46:46'),
(174, 3, 'Sustainability', 'KgxL3HH8ZC4', 1, '2020-05-22 14:47:17', '2020-05-22 14:47:17'),
(175, 2, 'Recap Questions for Chapter 4', 'test/weaf_quiz_ch4/quiz.html', 1, '2020-05-22 14:47:41', '2020-05-22 14:47:41'),
(176, 1, 'Work Effectively in Finance - Working with Numbers - Chapter 5', 'Work Effectively in Finance  Working with Numbers Chapter 5_1590167817.pdf', 1, '2020-05-22 15:16:57', '2020-05-22 15:16:57'),
(177, 3, 'Percentages', 'Cm9ndCtefDc', 1, '2020-05-22 15:17:46', '2020-05-22 15:17:46'),
(178, 3, 'Rounding', 'Zf9hHo7BZHE', 1, '2020-05-22 15:18:12', '2020-05-22 15:18:12'),
(179, 3, 'Averages', 'xQJV0l3P9KA', 1, '2020-05-22 15:18:29', '2020-05-22 15:18:29'),
(180, 3, 'Ratios', 'kWPnloYZ2XA', 1, '2020-05-22 15:18:48', '2020-05-22 15:18:48'),
(181, 2, 'Recap Questions for Chapter 5', 'test/weaf_quiz_ch5/quiz.html', 1, '2020-05-22 15:19:16', '2020-05-22 15:19:16'),
(182, 1, 'Work Effectively in Finance - Presenting Data - Chapter 6', 'Work Effectively in Finance Presenting Data Chapter 6_1590167999.pdf', 1, '2020-05-22 15:19:59', '2020-05-22 15:19:59'),
(183, 3, 'Types of Charts', 'QnIAcGqJZ8k', 1, '2020-05-22 15:20:32', '2020-05-22 15:20:32'),
(184, 2, 'Recap Questions for Chapter 6', 'test/weaf_quiz_ch6/quiz.html', 1, '2020-05-22 15:21:06', '2020-05-22 15:21:06'),
(185, 1, 'Work Effectively in Finance - Methods of Communications - Chapter 7', 'Work Effectively in Finance Methods of Communications Chapter 7_1590168734.pdf', 1, '2020-05-22 15:32:14', '2020-05-22 15:32:14'),
(186, 3, 'Business Communication', 'xu55tVpTPXg', 1, '2020-05-22 15:32:48', '2020-05-22 15:32:48'),
(187, 2, 'Recap Questions for Chapter 7', 'test/weaf_quiz_ch7/quiz.html', 1, '2020-05-22 15:33:14', '2020-05-22 15:33:14'),
(188, 1, 'Work Effectively in Finance - Organising Your Own Work - Chapter 8', 'Work Effectively in Finance Organising your own Work Chapter 8_1590169072.pdf', 1, '2020-05-22 15:37:52', '2020-05-22 15:37:52'),
(189, 3, 'S.M.A.R.T', 'dwv8qajeSdY', 1, '2020-05-22 15:38:09', '2020-05-22 15:38:09'),
(190, 3, 'Prioritising Work', '8EnGMJ8gnQM', 1, '2020-05-22 15:39:37', '2020-05-22 15:39:37'),
(191, 2, 'Recap Questions for Chapter 8', 'test/weaf_quiz_ch8/quiz.html', 1, '2020-05-22 15:40:36', '2020-05-22 15:40:36'),
(192, 1, 'Work Effectively in Finance - Team Working - Chapter 9', 'Work Effectively in Finance Team Working Chapter 9_1590169473.pdf', 1, '2020-05-22 15:44:33', '2020-05-22 15:44:33'),
(193, 3, 'Teamwork', 'wDT-zEkuV1o', 1, '2020-05-22 15:45:17', '2020-05-22 15:45:17'),
(194, 2, 'Recap Questions for Chapter 9', 'test/weaf_quiz_ch9/quiz.html', 1, '2020-05-22 15:45:42', '2020-05-22 15:45:42'),
(195, 1, 'Work Effectively in Finance - Developing Skills and Knowledge - Chapter 10', 'Work Effectively in Finance Developing Skills and Knowledge Chapter 10_1590169777.pdf', 1, '2020-05-22 15:49:37', '2020-05-22 15:49:37'),
(196, 3, 'CPD', 'G9RKMBp-mgw', 1, '2020-05-22 15:51:56', '2020-05-22 15:51:56'),
(197, 2, 'Recap Questions for Chapter 10', 'test/weaf_quiz_ch10/quiz.html', 1, '2020-05-22 15:52:21', '2020-05-22 15:52:21'),
(198, 3, 'Incomplete Records', '2YnKT6sWN80', 1, '2020-05-23 15:14:09', '2020-05-23 15:14:09'),
(199, 3, 'Margin and Markup', 'UpykCyM5Wnw', 1, '2020-05-23 15:14:24', '2020-05-23 15:14:24'),
(200, 3, 'Financial Statements from Trial Balance', 'EFgBB6c0G-A', 1, '2020-05-23 15:14:47', '2020-05-23 15:14:47'),
(201, 2, 'Recap Questions for Chapter 4', 'test/fa_quiz_ch2/quiz.html', 1, '2020-05-23 17:22:12', '2020-05-23 17:22:12'),
(202, 1, 'Final Accounts Preparation - Year-end Adjustments - Chapter 5', 'Final Accounts Preparation Year end Adjustments Chapter 5_1590261859.pdf', 1, '2020-05-23 17:24:19', '2020-05-23 17:24:19'),
(203, 3, 'Year-end Adjustments', 'B8BR1ldgIrE', 1, '2020-05-23 17:24:47', '2020-05-23 17:24:47'),
(204, 2, 'Recap Questions for Chapter 5', 'test/fa_quiz_ch3/quiz.html', 1, '2020-05-23 17:25:22', '2020-05-23 17:25:22'),
(205, 1, 'Final Accounts Preparation - Partnership Accounts - Chapter 6', 'Final Accounts Preparation Partnership Accounts Chapter 6_1590262021.pdf', 1, '2020-05-23 17:27:01', '2020-05-23 17:27:01'),
(206, 3, 'Partnership Accounts', 'UarRg60wgSI', 1, '2020-05-23 17:27:17', '2020-05-23 17:27:17'),
(207, 3, 'Appropriation Accounts', '1e9sKt0Rh4A', 1, '2020-05-23 17:27:39', '2020-05-23 17:27:39'),
(208, 2, 'Recap Questions for Chapter 6', 'test/fa_quiz_ch4/quiz.html', 1, '2020-05-23 17:29:05', '2020-05-23 17:29:05'),
(209, 1, 'Final Accounts Preparation - Changes to Partnerships - Chapter 7', 'Final Accounts Preparation Changes to Partnerships Chapter 7_1590262178.pdf', 1, '2020-05-23 17:29:38', '2020-05-23 17:29:38'),
(210, 3, 'Goodwill', 'nNHgIjo1Ivk', 1, '2020-05-23 17:30:29', '2020-05-23 17:30:29'),
(211, 3, 'Admission of a New Partner', 'GylOud2DFCI', 1, '2020-05-23 17:30:50', '2020-05-23 17:30:50'),
(212, 3, 'When a partner leaves', '7VKxgyVF9jw', 1, '2020-05-23 17:31:20', '2020-05-23 17:31:20'),
(213, 2, 'Recap Questions for Chapter 7', 'test/fa_quiz_ch5/quiz.html', 1, '2020-05-23 17:32:07', '2020-05-23 17:33:14'),
(214, 1, 'Final Accounts Preparation - Limited Company Accounts - Chapter 8', 'Final Accounts Preparation Limited Company Accounts Chapter 8_1590262433.pdf', 1, '2020-05-23 17:33:53', '2020-05-23 17:33:53'),
(215, 3, 'An introduction to Limited Company Accounts', 'XcpUkFRNCI4', 1, '2020-05-23 17:34:08', '2020-05-23 17:34:08'),
(216, 1, 'Management Accounting Costing - What is Cost Accounting - Chapter 1', 'Management Accounting Costing What is Cost Accounting Chapter 1_1590269008.pdf', 1, '2020-05-23 19:23:28', '2020-05-23 19:23:28'),
(217, 3, 'Classification of Costs by Element', '7L0EZY0-cUY', 1, '2020-05-23 19:24:18', '2020-05-23 19:24:18'),
(218, 3, 'Direct and Indirect Costs', 'j-IvX7zjpW8', 1, '2020-05-23 19:24:58', '2020-05-23 19:24:58'),
(219, 2, 'Recap Questions for Chapter 1', 'test/cr_quiz_ch1/quiz.html', 1, '2020-05-23 19:25:25', '2020-05-23 19:25:25'),
(220, 1, 'Management Accounting Costing - Material Cost - Chapter 2', 'Management Accounting Costing Material Cost Chapter 2_1590269155.pdf', 1, '2020-05-23 19:25:55', '2020-05-23 19:25:55'),
(221, 3, 'FIFO, LIFO and AVCO', 'ccvZyQSDKEw', 1, '2020-05-23 19:26:20', '2020-05-23 19:26:20'),
(222, 2, 'Recap Questions for Chapter 2', 'test/cr_quiz_ch2/quiz.html', 1, '2020-05-23 19:26:42', '2020-05-23 19:26:42'),
(223, 1, 'Management Accounting Costing - Labour Cost - Chapter 3', 'Management Accounting Costing Labour Cost Chapter 3_1590269241.pdf', 1, '2020-05-23 19:27:21', '2020-05-23 19:27:21'),
(224, 3, 'Labour Payments', 'j1HXTKqVrO8', 1, '2020-05-23 19:28:17', '2020-05-23 19:28:17'),
(225, 3, 'Overtime Premiums', '62H8FclzKNs', 1, '2020-05-23 19:28:33', '2020-05-23 19:28:33'),
(226, 3, 'Bookkeeping for Labour Costs', 'mz6cSHAbPjs', 1, '2020-05-23 19:29:07', '2020-05-23 19:29:07'),
(227, 2, 'Recap Questions for Chapter 3', 'test/cr_quiz_ch3/quiz.html', 1, '2020-05-23 19:29:38', '2020-05-23 19:29:38'),
(228, 1, 'Management Accounting Costing - Expenses - Chapter 4', 'Management Accounting Costing Expenses Chapter 4_1590269418.pdf', 1, '2020-05-23 19:30:18', '2020-05-23 19:30:18'),
(229, 2, 'Recap Questions for Chapter 4', 'test/cr_quiz_ch3/quiz.html', 1, '2020-05-23 19:33:10', '2020-05-23 20:22:07'),
(230, 3, 'Allocation of Apportionment', 'rojc-aXkTpo', 1, '2020-05-23 20:23:30', '2020-05-23 20:23:30'),
(231, 3, 'Activity Based Costing', 'EyvUGrP1E_U', 1, '2020-05-23 20:24:00', '2020-05-23 20:24:00'),
(232, 3, 'ABC Principles', 'uWxgVweEVkY', 1, '2020-05-23 20:24:17', '2020-05-23 20:24:17'),
(233, 2, 'Recap Questions for Chapter 5', 'test/cr_quiz_ch5/quiz.html', 1, '2020-05-23 20:24:50', '2020-05-23 20:24:50'),
(234, 1, 'Management Accounting Costing - Overheads - Chapter 5', 'Management Accounting Costing Overheads Chapter 5_1590272739.pdf', 1, '2020-05-23 20:25:39', '2020-05-23 20:25:39'),
(235, 1, 'Management Accounting Costing - Costing Methods - Chapter 6', 'Management Accounting Costing Costing Methods Chapter 6_1590273234.pdf', 1, '2020-05-23 20:33:54', '2020-05-23 20:33:54'),
(236, 3, 'Process Costing', '6JLIHIvVMjE', 1, '2020-05-23 21:22:48', '2020-05-23 21:22:48'),
(237, 2, 'Recap Questions for Chapter 6', 'test/cr_quiz_ch6/quiz.html', 1, '2020-05-23 21:23:24', '2020-05-23 21:23:24'),
(238, 1, 'Management Accounting Costing - Marginal and Absorption Costing - Chapter 7', 'Management Accounting Costing Marginal and Absorption Costing Chapter 7_1590276988.pdf', 1, '2020-05-23 21:36:28', '2020-05-23 21:36:28'),
(239, 3, 'Absorption Costing and Marginal Costing', 'c6A59hYLTKs', 1, '2020-05-23 21:37:30', '2020-05-23 21:37:30'),
(240, 2, 'Recap Questions for Chapter 7', 'test/cr_quiz_ch7/quiz.html', 1, '2020-05-23 21:39:11', '2020-05-23 21:39:11'),
(241, 1, 'Management Accounting Costing - Budgets - Chapter 8', 'Management Accounting Costing Budgets Chapter 8_1590277394.pdf', 1, '2020-05-23 21:43:14', '2020-05-23 21:43:14'),
(242, 3, 'Flexed Budgets', 'IsXkzeFKGXU', 1, '2020-05-23 21:44:40', '2020-05-23 21:44:40'),
(243, 2, 'Recap Questions for Chapter 8', 'test/cr_quiz_ch8/quiz.html', 1, '2020-05-23 21:45:05', '2020-05-23 21:45:05'),
(244, 1, 'Management Accounting Costing - Short term Planning - Chapter 9', 'Management Accounting Costing Short term Planning Chapter 9_1590277618.pdf', 1, '2020-05-23 21:46:58', '2020-05-23 21:46:58'),
(245, 3, 'Break Even', 'o2pQTeANzf0', 1, '2020-05-23 21:47:39', '2020-05-23 21:47:39'),
(246, 3, 'Margin of Safety', 'p43jCdO1C-E', 1, '2020-05-23 21:48:27', '2020-05-23 21:48:27'),
(247, 3, 'Target Profits', 'lXx_1zYDAGE', 1, '2020-05-23 21:49:12', '2020-05-23 21:49:12'),
(248, 2, 'Recap Questions for Chapter 9', 'test/cr_quiz_ch9/quiz.html', 1, '2020-05-23 21:49:59', '2020-05-23 21:49:59'),
(249, 1, 'Management Accounting Costing - Long-term Planning - Chapter 10', 'Management Accounting Costing Long term Planning Chapter 10_1590278758.pdf', 1, '2020-05-23 22:05:58', '2020-05-23 22:05:58'),
(250, 3, 'Discounted Cash Flow', 'PpMnjoMjmIY', 1, '2020-05-23 22:06:47', '2020-05-23 22:06:47'),
(251, 3, 'IRR', 'QbAJuDmZ1uo', 1, '2020-05-23 22:07:17', '2020-05-23 22:07:17'),
(252, 3, 'Payback', 'mFwevIqnbXU', 1, '2020-05-23 22:07:47', '2020-05-23 22:07:47'),
(253, 2, 'Recap Questions for Chapter 10', 'test/cr_quiz_ch10/quiz.html', 1, '2020-05-23 22:08:07', '2020-05-23 22:08:07'),
(254, 1, 'Management Accounting Costing - Ethics in Management Accounts - Chapter 11', 'Management Accounting Costing Ethics in Mangement Accounts Chapter 11_1590278929.pdf', 1, '2020-05-23 22:08:49', '2020-05-23 22:08:49'),
(255, 3, 'Professional Competence & Due Care', 'mi0CdrWT9PM', 1, '2020-05-23 22:09:03', '2020-05-23 22:09:03'),
(256, 1, 'Indirect Tax - How VAT is Applied in the UK - Chapter 1', 'Indirect Tax How VAT is Applied in the UK Chapter 1_1590331556.pdf', 1, '2020-05-24 12:45:56', '2020-05-24 12:45:56'),
(257, 3, 'Five things you need to know about VAT', 'w6VGx22glAI', 1, '2020-05-24 12:46:35', '2020-05-24 12:46:35'),
(258, 3, 'VAT Registration', 'hh9cXwysqmA', 1, '2020-05-24 12:47:31', '2020-05-24 12:47:31'),
(259, 3, 'Rates of VAT', 'pUi6jeK6IvM', 1, '2020-05-24 12:48:26', '2020-05-24 12:48:26'),
(260, 2, 'Recap Questions for Chapter 1', 'test/itax_quiz_ch1/quiz.html', 1, '2020-05-24 12:49:07', '2020-05-24 12:49:07'),
(261, 1, 'Indirect Tax - VAT Invoices and Receipts - Chapter 2', 'Indirect Tax VAT Invoices and Receipts Chapter 2_1590331866.pdf', 1, '2020-05-24 12:51:06', '2020-05-24 12:51:06'),
(262, 3, 'VAT Invoices', 'eOYXrnY9skc', 1, '2020-05-24 12:54:23', '2020-05-24 12:54:23'),
(263, 3, 'VAT - Tax Points', 'JhLokmcqya0', 1, '2020-05-24 12:54:38', '2020-05-24 12:54:38'),
(264, 2, 'Recap Questions for Chapter 2', 'test/itax_quiz_ch2/quiz.html', 1, '2020-05-24 12:56:13', '2020-05-24 12:56:13'),
(265, 1, 'Indirect Tax - Special Conditions and Schemes - Chapter 3', 'Indirect Tax Special Conditions and Schemes Chapter 3_1590332304.pdf', 1, '2020-05-24 12:58:24', '2020-05-24 12:58:24'),
(266, 3, 'Selling to and Buying from EU countries', 'xmQjnIwfN2Y', 1, '2020-05-24 12:58:45', '2020-05-24 12:58:45'),
(267, 3, 'VAT Free Zones', 'Tg_EULaur00', 1, '2020-05-24 12:59:08', '2020-05-24 12:59:08'),
(268, 3, 'VAT Special Schemes', 'Zg2xuW1M-mI', 1, '2020-05-24 13:03:09', '2020-05-24 13:03:09'),
(269, 2, 'Recap Questions for Chapter 3', 'test/itax_quiz_ch3/quiz.html', 1, '2020-05-24 13:04:23', '2020-05-24 13:04:23'),
(270, 1, 'Indirect Tax - Trading with other Countries - Chapter 4', 'Indirect Tax Trading with other Countries Chapter 4_1590333226.pdf', 1, '2020-05-24 13:13:46', '2020-05-24 13:13:46'),
(271, 2, 'Recap Questions for Chapter 4', 'test/itax_quiz_ch4/quiz.html', 1, '2020-05-24 13:14:42', '2020-05-24 13:14:42'),
(272, 1, 'Indirect Tax - The VAT Return and the VAT Control Account - Chapter 5', 'Indirect Tax The VAT Return and the VAT Control Account Chapter 5_1590333333.pdf', 1, '2020-05-24 13:15:33', '2020-05-24 13:15:33'),
(273, 3, 'VAT Return', 'VE3lLDjtuN4', 1, '2020-05-24 13:16:09', '2020-05-24 13:16:09'),
(274, 2, 'Recap Questions for Chapter 5', 'test/itax_quiz_ch5/quiz.html', 1, '2020-05-24 13:17:40', '2020-05-24 13:17:40'),
(275, 1, 'Indirect Tax - VAT in Business - Chapter 6', 'Indirect Tax VAT in Business Chapter 6_1590333485.pdf', 1, '2020-05-24 13:18:05', '2020-05-24 13:18:05'),
(276, 3, 'VAT Cash Accounting Scheme', '-fp6uYYvMsk', 1, '2020-05-24 13:18:45', '2020-05-24 13:18:45'),
(277, 3, 'VAT Annual Accounting Scheme', 'uGHx7yly8y8', 1, '2020-05-24 13:19:22', '2020-05-24 13:19:22'),
(278, 3, 'VAT Flat Rate Scheme', 'vvClqymX5gk', 1, '2020-05-24 13:19:39', '2020-05-24 13:19:39'),
(279, 2, 'Recap Questions for Chapter 6', 'test/itax_quiz_ch6/quiz.html', 1, '2020-05-24 13:19:56', '2020-05-24 13:19:56'),
(280, 1, 'Indirect Tax - Ethics and Taxation - Chapter 7', 'Indirect Tax Ethics and Taxation Chapter 7_1590333623.pdf', 1, '2020-05-24 13:20:23', '2020-05-24 13:20:23'),
(281, 1, 'Management Accounting Budgeting - Management Accounting - Basic Techniques - Chapter 1', 'Management Accounting Budgeting Management Accounting  Basic Techniques Chapter 1_1590412779.pdf', 1, '2020-05-25 11:19:39', '2020-05-25 11:19:39'),
(282, 2, 'Management Accounting and Cost Behaviours', 'L4_Q_MABU_Q1.php', 1, '2020-05-25 11:26:18', '2020-05-25 11:26:18'),
(283, 2, 'Absorption Costing', 'L4_Q_ABCO.php', 1, '2020-05-25 11:26:42', '2020-05-25 11:26:42'),
(284, 2, 'Marginal Costing', 'L4_Q_MA.php', 1, '2020-05-25 11:27:01', '2020-05-25 11:27:01'),
(285, 1, 'Management Accounting Budgeting - Forecasting - Chapter 2', 'Management Accounting Budgeting Forecasting Chapter 2_1590413335.pdf', 1, '2020-05-25 11:28:55', '2020-05-25 11:28:55'),
(286, 3, 'Forecasting Techniques', 'JvmzeTz3uQQ', 1, '2020-05-25 11:29:44', '2020-05-25 11:29:44'),
(287, 3, 'Time Series Analysis', 'dEaGRz4EQow', 1, '2020-05-25 11:30:12', '2020-05-25 11:30:12'),
(288, 2, 'Trend and Time Series Analysis', 'L4_Q_TTSA.php', 1, '2020-05-25 11:31:27', '2020-05-25 11:31:27'),
(289, 3, 'External Factors Affecting Forecasting', 'qxPZ7QuW5T4', 1, '2020-05-25 11:31:50', '2020-05-25 11:31:50'),
(290, 2, 'Sources of Information and Sampling Techniques', 'L4_Q_MABU_Q2_1.php', 1, '2020-05-25 11:32:21', '2020-05-25 11:33:09'),
(291, 2, 'Functional Budgets', 'L4_Q_MABU_Q2_3.php', 1, '2020-05-25 11:34:22', '2020-05-25 11:34:22'),
(292, 1, 'Management Accounting Budgeting - Management Accounting - Budgetary Control - Chapter 3', 'Management Accounting Budgeting Management Accounting Budgetary Control Chapter 3_1590414148.pdf', 1, '2020-05-25 11:42:28', '2020-05-25 11:42:28'),
(293, 2, 'Budgeting for Indirect Costs', 'L4_Q_BIC.php', 1, '2020-05-25 11:43:01', '2020-05-25 11:43:01'),
(294, 1, 'Management Accounting Budgeting - Preparing the Budget - Chapter 4', 'Management Accounting Budgeting Preparing the Budget Chapter 4_1590414262.pdf', 1, '2020-05-25 11:44:22', '2020-05-25 11:44:22'),
(295, 3, 'Budget Preparation', 'djzFzjutfMk', 1, '2020-05-25 11:45:20', '2020-05-25 11:45:20'),
(296, 3, 'Rejects / Material Wastage / Inefficiency', 'nsWkZcw1V3I', 1, '2020-05-25 11:46:04', '2020-05-25 11:46:04'),
(297, 2, 'Rejects, Wastes and Inefficiencies', 'L4_Q_RWI.php', 1, '2020-05-25 11:46:38', '2020-05-25 11:46:38'),
(298, 3, 'Labour Efficiency', 'A0PhTue80Hc', 1, '2020-05-25 11:46:57', '2020-05-25 11:46:57'),
(299, 2, 'Functional Budgets', 'L4_Q_MABU_Q4_3.php', 1, '2020-05-25 11:47:28', '2020-05-25 11:47:28'),
(300, 2, 'Master Budget', 'L4_Q_MABU_Q4_4.php', 1, '2020-05-25 11:47:57', '2020-05-25 11:47:57'),
(301, 1, 'Management Accounting Budgeting - Producing a Cash Budget - Chapter 5', 'Management Accounting Budgeting Producing a Cash Budget Chapter 5_1590415022.pdf', 1, '2020-05-25 11:57:02', '2020-05-25 11:57:02'),
(302, 3, 'Cash Budgets', 'mFILYzDEhoo', 1, '2020-05-25 11:57:46', '2020-05-25 11:57:46'),
(303, 2, 'Cash Budget', 'L4_Q_CB.php', 1, '2020-05-25 11:58:11', '2020-05-25 11:58:11'),
(304, 1, 'Management Accounting Budgeting - Limiting Factors - Chapter 6', 'Management Accounting Budgeting Limiting Factors Chapter 6_1590415371.pdf', 1, '2020-05-25 12:02:51', '2020-05-25 12:02:51'),
(305, 3, 'Limiting Factors', 'bpNZSIfGazE', 1, '2020-05-25 12:03:41', '2020-05-25 12:03:41'),
(306, 2, 'Revised Budgets and Limiting Factors', 'L4_Q_RBLF.php', 1, '2020-05-25 12:04:08', '2020-05-25 12:04:08'),
(307, 1, 'Management Accounting Budgeting - Flexed Budgets and Variance Analysis - Chapter 7', 'Management Accounting Budgeting Flexed Budgets and Variance Analysis Chapter 7_1590416262.pdf', 1, '2020-05-25 12:17:42', '2020-05-25 12:17:42'),
(308, 1, 'Management Accounting Budgeting - Effective Communication - Chapter 8', 'Management Accounting Budgeting Effective Communication Chapter 8_1590416817.pdf', 1, '2020-05-25 12:26:57', '2020-05-25 12:26:57'),
(309, 3, 'Written Task 1', 'nemZHkga5io', 1, '2020-05-25 12:39:37', '2020-05-25 12:39:37'),
(310, 3, 'Written Task 2', '42aLGPKo-1s', 1, '2020-05-25 12:40:01', '2020-05-25 12:40:01'),
(311, 3, 'Written Task 3', 'MuSd_ONWweM', 1, '2020-05-25 12:40:27', '2020-05-25 12:40:27'),
(312, 1, 'Personal Tax - An Introduction to Taxation - Chapter 1', 'Personal Tax An Introduction to Taxation Chapter 1_1590418744.pdf', 1, '2020-05-25 12:59:04', '2020-05-25 12:59:04'),
(313, 3, 'Personal Tax', 'GGX2WnOn6Yw', 1, '2020-05-25 12:59:18', '2020-05-25 12:59:18'),
(314, 2, 'Introduction to Taxation', 'L4_Q_FA19_PLTXCH1.php', 1, '2020-05-25 12:59:38', '2020-05-25 12:59:38'),
(315, 1, 'Personal Tax - Income from Employment - Chapter 2', 'Personal Tax Income from Employment Chapter 2_1590418926.pdf', 1, '2020-05-25 13:02:06', '2020-05-25 13:02:06'),
(316, 3, 'Factors Indicating Employment', 'u6lZeqE6Zwg', 1, '2020-05-25 13:02:34', '2020-05-25 13:02:34'),
(317, 2, 'Income from Employment', 'L4_Q_FA19_PLTXCH2.php', 1, '2020-05-25 13:02:59', '2020-05-25 13:02:59'),
(318, 1, 'Personal Tax - Benefits in Kind (Cars) - Chapter 3', 'Personal Tax Benefits in Kind (Cars) Chapter 3_1590419239.pdf', 1, '2020-05-25 13:07:19', '2020-05-25 13:07:19'),
(319, 3, 'Benefits in Kind Cars, Vans & Fuel', 'R4ncOsjoI94', 1, '2020-05-25 13:08:06', '2020-05-25 13:08:06'),
(320, 2, 'Benefits in Kind (Cars)', 'L4_Q_FA19_PLTXCH3.php', 1, '2020-05-25 13:08:27', '2020-05-25 13:08:27'),
(321, 1, 'Personal Tax - Benefits in Kind (Other) - Chapter 4', 'Personal Tax Benefits in Kind (Other) Chapter 4_1590419337.pdf', 1, '2020-05-25 13:08:57', '2020-05-25 13:08:57'),
(322, 3, 'Beneficial Loans', 'WiAvrPhnTYU', 1, '2020-05-25 13:09:17', '2020-05-25 13:09:17'),
(323, 3, 'Living Accommodation', 'xzUCAXGf5qo', 1, '2020-05-25 13:09:48', '2020-05-25 13:09:48'),
(324, 3, 'Provision of Assets', '5VI_LpeiALY', 1, '2020-05-25 13:10:53', '2020-05-25 13:10:53'),
(325, 2, 'Benefits in Kind (Other)', 'L4_Q_FA19_PLTXCH4.php', 1, '2020-05-25 13:11:36', '2020-05-25 13:11:36'),
(326, 1, 'Personal Tax - Allowable Expenses - Chapter 5', 'Personal Tax Allowable Expenses Chapter 5_1590419549.pdf', 1, '2020-05-25 13:12:29', '2020-05-25 13:12:29'),
(327, 3, 'Allowable Deductions', 'C4rASWc-QBY', 1, '2020-05-25 13:22:14', '2020-05-25 13:22:14'),
(328, 2, 'Allowable Expenses', 'L4_Q_FA19_PLTXCH5.php', 1, '2020-05-25 13:22:42', '2020-05-25 13:22:42'),
(329, 1, 'Personal Tax - Property Income - Chapter 6', 'Personal Tax Property Income Chapter 6_1590420808.pdf', 1, '2020-05-25 13:33:28', '2020-05-25 13:33:28'),
(330, 3, 'Property Income', '3hC_aVB9t9E', 1, '2020-05-25 13:34:07', '2020-05-25 13:34:07'),
(331, 2, 'Income from Property', 'L4_Q_FA19_PLTXCH6.php', 1, '2020-05-25 13:34:29', '2020-05-25 13:34:29'),
(332, 1, 'Personal Tax - Savings and Dividend Income - Chapter 7', 'Personal Tax Savings and Dividend Income Chapter 7_1590420893.pdf', 1, '2020-05-25 13:34:53', '2020-05-25 13:34:53'),
(333, 3, 'Savings Income', '-l0cJ9-49bU', 1, '2020-05-25 13:35:26', '2020-05-25 13:35:26'),
(334, 2, 'Savings and Dividend Income', 'L4_Q_FA19_PLTXCH7.php', 1, '2020-05-25 13:35:47', '2020-05-25 13:35:47'),
(335, 1, 'Personal Tax - The Tax Calculation - Chapter 8', 'Personal Tax The Tax Calculation Chapter 8_1590420998.pdf', 1, '2020-05-25 13:36:38', '2020-05-25 13:36:38'),
(336, 3, 'Income Tax Rates', 'NNLgOVBMcpg', 1, '2020-05-25 13:37:20', '2020-05-25 13:37:20'),
(337, 3, 'Restrictions on the Personal Allowance', 'Y4yi_gU1GLA', 1, '2020-05-25 13:38:03', '2020-05-25 13:38:03'),
(338, 2, 'The Tax Calculation', 'L4_Q_FA19_PLTXCH8.php', 1, '2020-05-25 13:38:32', '2020-05-25 13:38:32'),
(339, 1, 'Personal Tax - Capital Gains Tax - Chapter 9', 'Personal Tax Capital Gains Tax Chapter 9_1590421266.pdf', 1, '2020-05-25 13:41:06', '2020-05-25 13:41:06'),
(340, 3, 'CGT Chattels', 'VhZpe7CMDqE', 1, '2020-05-25 13:50:16', '2020-05-25 13:50:16'),
(341, 2, 'Capital Gains Tax', 'L4_Q_FA19_PLTXCH9.php', 1, '2020-05-25 13:50:50', '2020-05-25 13:50:50'),
(342, 1, 'Personal Tax - Inheritance Tax - Chapter 10', 'Personal Tax Inheritance Tax Chapter 10_1590421931.pdf', 1, '2020-05-25 13:52:11', '2020-05-25 13:52:11'),
(343, 3, 'Inheritance Tax', 'M5kNYWt-clY', 1, '2020-05-25 14:08:09', '2020-05-25 14:08:09'),
(344, 2, 'Inheritance Tax', 'L4_Q_FA19_PLTXCH10.php', 1, '2020-05-25 14:08:44', '2020-05-25 14:08:44'),
(345, 1, 'Personal Tax - Paying Tax - Chapter 11', 'Personal Tax Paying Tax Chapter 11_1590422955.pdf', 1, '2020-05-25 14:09:15', '2020-05-25 14:09:15'),
(346, 1, 'Personal Tax - National Insurance - Chapter 12', 'Personal Tax National Insurance Chapter 12_1590423002.pdf', 1, '2020-05-25 14:10:02', '2020-05-25 14:10:02'),
(347, 2, 'National Insurance', 'L4_Q_FA19_PLTXCH12.php', 1, '2020-05-25 14:11:08', '2020-05-25 14:11:08'),
(348, 1, 'Personal Tax - Tax Administration - Chapter 13', 'Personal Tax Tax Administration Chapter 13_1590423113.pdf', 1, '2020-05-25 14:11:53', '2020-05-25 14:11:53'),
(349, 2, 'Tax Administration', 'L4_Q_FA19_PLTXCH13.php', 1, '2020-05-25 14:12:16', '2020-05-25 14:12:16'),
(350, 1, 'Personal Tax - Reference Material - Chapter 14', 'Personal Tax Reference Material Chapter 14_1590423219.pdf', 1, '2020-05-25 14:13:39', '2020-05-25 14:13:39'),
(351, 1, 'Business Tax - An Introduction to Business Taxation - Chapter 1', 'Business Tax An Introduction to Business Taxation Chapter 1_1590428238.pdf', 1, '2020-05-25 15:37:18', '2020-05-25 15:37:18'),
(352, 3, 'Business Taxation', 'pElSySDjxsA', 1, '2020-05-25 15:39:19', '2020-05-25 15:39:19'),
(353, 2, 'Introduction to Business Taxation', 'L4_Q_FA19_BSTXCH1.php', 1, '2020-05-25 15:39:40', '2020-05-25 15:39:40'),
(354, 1, 'Business Tax - Income From Self Employment - Chapter 2', 'Business Tax Income From Self Employment Chapter 2_1590428487.pdf', 1, '2020-05-25 15:41:27', '2020-05-25 15:41:27'),
(355, 3, 'Badges of Trade', 'J9Q-I28S0Rc', 1, '2020-05-25 15:41:56', '2020-05-25 15:41:56'),
(356, 2, 'Income from Self-Employment', 'L4_Q_FA19_BSTXCH2.php', 1, '2020-05-25 15:48:37', '2020-05-25 15:48:37'),
(357, 1, 'Business Tax - Basis Periods - Chapter 3', 'Business Tax Basis Periods Chapter 3_1590429179.pdf', 1, '2020-05-25 15:52:59', '2020-05-25 15:52:59'),
(358, 3, 'Basis Period', '8F15fTsSxhY', 1, '2020-05-25 15:53:44', '2020-05-25 15:53:44'),
(359, 2, 'Basis Periods', 'L4_Q_FA19_BSTXCH3.php', 1, '2020-05-25 15:54:27', '2020-05-25 15:54:27'),
(360, 1, 'Business Tax - Capital Allowances - Chapter 4', 'Business Tax Capital Allowances Chapter 4_1590429291.pdf', 1, '2020-05-25 15:54:51', '2020-05-25 15:54:51'),
(361, 3, 'Capital Allowances for Sole Traders', 'ELqtuR1xc-0', 1, '2020-05-25 15:55:42', '2020-05-25 15:55:42'),
(362, 2, 'Capital Allowances', 'L4_Q_FA19_BSTXCH4.php', 1, '2020-05-25 15:56:08', '2020-05-25 15:56:08'),
(363, 1, 'Business Tax - Losses for Sole Traders and Partnerships - Chapter 5', 'Business Tax Losses for Sole Traders and Partnerships Chapter 5_1590429427.pdf', 1, '2020-05-25 15:57:07', '2020-05-25 15:57:07'),
(364, 3, 'Trading Losses', 'lANm0LlgCHQ', 1, '2020-05-25 15:57:35', '2020-05-25 15:57:35'),
(365, 2, 'Losses for Sole Traders and Partnerships', 'L4_Q_FA19_BSTXCH5.php', 1, '2020-05-25 16:14:36', '2020-05-25 16:14:36'),
(366, 1, 'Business Tax - Partnerships - Chapter 6', 'Business Tax Partnerships Chapter 6_1590430511.pdf', 1, '2020-05-25 16:15:11', '2020-05-25 16:15:11'),
(367, 3, 'Partnerships', 'MoHfWJaP_gI', 1, '2020-05-25 16:15:32', '2020-05-25 16:15:32'),
(368, 2, 'Partnerships', 'L4_Q_FA19_BSTXCH6.php', 1, '2020-05-25 16:15:56', '2020-05-25 16:15:56'),
(369, 1, 'Business Tax - National Insurance - Chapter 7', 'Business Tax National Insurance Chapter 7_1590430605.pdf', 1, '2020-05-25 16:16:45', '2020-05-25 16:16:45'),
(370, 3, 'National Insurance', 'kuOnsc3418s', 1, '2020-05-25 16:17:28', '2020-05-25 16:17:28'),
(371, 2, 'National Insurance', 'L4_Q_FA19_BSTXCH7.php', 1, '2020-05-25 16:17:50', '2020-05-25 16:17:50'),
(372, 1, 'Business Tax - The Tax Return for the Self Employed and Partnerships - Chapter 8', 'Business Tax The Tax Return for the Self Employed and Partnerships Chapter 8_1590430708.pdf', 1, '2020-05-25 16:18:28', '2020-05-25 16:18:28'),
(373, 3, 'Payments on Account', '1Mbg23IddLs', 1, '2020-05-25 16:19:48', '2020-05-25 16:19:48'),
(374, 2, 'The Tax Return for the Self-Employed', 'L4_Q_FA19_BSTXCH8.php', 1, '2020-05-25 16:20:08', '2020-05-25 16:20:08'),
(375, 1, 'Business Tax - Analyse Trading Profits and Losses for Tax Purposes - Chapter 9', 'Business Tax Analyse Trading Profits and Losses for Tax Purposes Chapter 9_1590430886.pdf', 1, '2020-05-25 16:21:26', '2020-05-25 16:21:26'),
(376, 2, 'Corporation Tax - Trading Profits', 'L4_Q_FA19_BSTXCH9.php', 1, '2020-05-25 16:22:24', '2020-05-25 16:22:24'),
(377, 1, 'Business Tax - Calculate Capital Allowances for Limited Companies - Chapter 10', 'Business Tax Calculate Capital Allowances for Limited Companies Chapter 10_1590430977.pdf', 1, '2020-05-25 16:22:57', '2020-05-25 16:22:57'),
(378, 3, 'Capital Allowances for Ltd Companies', 'pZef2udFvco', 1, '2020-05-25 16:23:13', '2020-05-25 16:23:13'),
(379, 2, 'Calculate Capital Allowances', 'L4_Q_FA19_BSTXCH10.php', 1, '2020-05-25 16:23:32', '2020-05-25 16:23:32'),
(380, 1, 'Business Tax - Calculate Taxable Total Profits (TTP) and Corporation Tax Payable - Chapter 11', 'Business Tax Calculate Taxable Total Profits (TTP) and Corporation Tax Payable Chapter 11_1590431046.pdf', 1, '2020-05-25 16:24:06', '2020-05-25 16:24:06'),
(381, 3, 'Tax Calculation', 'wv7xy07Aqzs', 1, '2020-05-25 16:24:44', '2020-05-25 16:24:44'),
(382, 2, 'Calculate Taxable Total Profits (TTP)', 'L4_Q_FA19_BSTXCH11.php', 1, '2020-05-25 16:25:10', '2020-05-25 16:25:10'),
(383, 1, 'Business Tax - The Corporation Tax Return - Filing, Payment and Penalties - Chapter 12', 'Business Tax The Corporation Tax Return  Filing, Payment and Penalties Chapter 12_1590431153.pdf', 1, '2020-05-25 16:25:53', '2020-05-25 16:25:53');
INSERT INTO `resources` (`id`, `resource_type_id`, `name`, `link`, `status`, `created_at`, `updated_at`) VALUES
(384, 3, 'HMRC Penalties', 'uU3KUOXozak', 1, '2020-05-25 16:26:19', '2020-05-25 16:26:19'),
(385, 2, 'The Corporation Tax Return  Filing, Payments and Penalties', 'L4_Q_FA19_BSTXCH12.php', 1, '2020-05-25 16:26:36', '2020-05-25 16:26:36'),
(386, 1, 'Business Tax - Capital Gains Tax for Individuals - Chapter 13', 'Business Tax Capital Gains Tax for Individuals Chapter 13_1590432586.pdf', 1, '2020-05-25 16:49:46', '2020-05-25 16:49:46'),
(387, 2, 'Capital Gains Tax for Individuals', 'L4_Q_FA19_BSTXCH13.php', 1, '2020-05-25 16:50:28', '2020-05-25 16:50:28'),
(388, 1, 'Business Tax - Capital Gains Tax for Limited Companies - Chapter 14', 'Business Tax Capital Gains Tax for Limited Companies Chapter 14_1590432668.pdf', 1, '2020-05-25 16:51:08', '2020-05-25 16:51:08'),
(389, 3, 'CGT', 'CnM-XgAGGi8', 1, '2020-05-25 16:52:04', '2020-05-25 16:52:04'),
(390, 3, 'Chargeable Gains', 'YMAvLcXFQCg', 1, '2020-05-25 16:52:55', '2020-05-25 16:52:55'),
(391, 2, 'Capital Gains Tax for Limited Companies', 'L4_Q_FA19_BSTXCH14.php', 1, '2020-05-25 17:04:05', '2020-05-25 17:04:05'),
(392, 1, 'Business Tax - Responsibilities of the Tax Advisor and Key Issues in Taxation - Chapter 15', 'Business Tax Responsibilities of the Tax Advisor and Key Issues in Taxation Chapter 15_1590433475.pdf', 1, '2020-05-25 17:04:35', '2020-05-25 17:04:35'),
(393, 3, 'IR35', 'xFLczw6v7aM', 1, '2020-05-25 17:05:21', '2020-05-25 17:05:21'),
(394, 2, 'Responsibilities of the Tax Advisor and Key Issues in Taxation', 'L4_Q_FA19_BSTXCH15.php', 1, '2020-05-25 17:05:38', '2020-05-25 17:05:38');

-- --------------------------------------------------------

--
-- Table structure for table `resource_types`
--

CREATE TABLE `resource_types` (
  `id` bigint(20) UNSIGNED NOT NULL,
  `name` varchar(255) COLLATE utf8mb4_unicode_ci NOT NULL,
  `created_at` timestamp NULL DEFAULT NULL,
  `updated_at` timestamp NULL DEFAULT NULL
) ENGINE=InnoDB DEFAULT CHARSET=utf8mb4 COLLATE=utf8mb4_unicode_ci;

--
-- Dumping data for table `resource_types`
--

INSERT INTO `resource_types` (`id`, `name`, `created_at`, `updated_at`) VALUES
(1, 'Book Chapter', '2020-05-09 22:47:28', '2020-05-09 22:47:28'),
(2, 'Quiz', '2020-05-09 22:47:50', '2020-05-09 22:47:50'),
(3, 'Video Tutorial', '2020-05-09 22:48:04', '2020-05-09 22:48:04');

-- --------------------------------------------------------

--
-- Table structure for table `result_types`
--

CREATE TABLE `result_types` (
  `id` bigint(20) UNSIGNED NOT NULL,
  `name` varchar(255) COLLATE utf8mb4_unicode_ci NOT NULL,
  `created_at` timestamp NULL DEFAULT NULL,
  `updated_at` timestamp NULL DEFAULT NULL
) ENGINE=InnoDB DEFAULT CHARSET=utf8mb4 COLLATE=utf8mb4_unicode_ci;

--
-- Dumping data for table `result_types`
--

INSERT INTO `result_types` (`id`, `name`, `created_at`, `updated_at`) VALUES
(1, 'Distinction', '2020-05-15 22:50:54', '2020-05-15 22:50:54'),
(2, 'Merit', '2020-05-15 22:51:26', '2020-05-15 22:51:26'),
(3, 'Pass', '2020-05-15 22:51:40', '2020-05-15 22:51:40'),
(4, 'Referred', '2020-05-15 22:52:32', '2020-05-15 22:52:32');

-- --------------------------------------------------------

--
-- Table structure for table `units`
--

CREATE TABLE `units` (
  `id` bigint(20) UNSIGNED NOT NULL,
  `name` varchar(255) COLLATE utf8mb4_unicode_ci NOT NULL,
  `description` mediumtext COLLATE utf8mb4_unicode_ci NOT NULL,
  `image` varchar(255) COLLATE utf8mb4_unicode_ci NOT NULL,
  `status` int(11) NOT NULL,
  `created_at` timestamp NULL DEFAULT NULL,
  `updated_at` timestamp NULL DEFAULT NULL
) ENGINE=InnoDB DEFAULT CHARSET=utf8mb4 COLLATE=utf8mb4_unicode_ci;

--
-- Dumping data for table `units`
--

INSERT INTO `units` (`id`, `name`, `description`, `image`, `status`, `created_at`, `updated_at`) VALUES
(13, 'Access Award in Bookkeeping', '<p>Access to bookkeeping: introduces the role of a bookkeeper and simple bookkeeping techniques.</p>\r\n\r\n<p>Learning outcomes:</p>\r\n\r\n<ul>\r\n	<li>Understand the role of the bookkeeper</li>\r\n	<li>Understand financial transactions</li>\r\n	<li>Process customer and supplier transactions</li>\r\n	<li>Process receipts and payments</li>\r\n</ul>', 'aat_l1_bk_1588684637.png', 2, '2020-05-05 12:17:17', '2020-05-17 21:40:07'),
(14, 'Bookkeeping Transactions', '<p>This e-learning software will allow you to study &amp; revise for your final assessment efficiently in a structured format. To prepare you for the final assessment, each unit contains assignments and mock assessments. Between each assignment are study resources such as chapters from study books, videos, quizzes and helpsheets which allow you to gain the relevant knowledge to complete the online assignments. Below is what you will learn in this unit:</p>\r\n\r\n<ul>\r\n	<li><strong>Assignment 1:</strong>&nbsp;This covers accounting roles and transactions, selling goods &amp; services, VAT &amp; legal considerations and recording sales &amp; sales returns.</li>\r\n	<br />\r\n	<li><strong>Assignment 2:</strong>&nbsp;Here you will learn about cash receipts and cash sales. You will also learn about recording purchases</li>\r\n	<br />\r\n	<li><strong>Assignment 3:</strong>&nbsp;The final section of this unit covers making payments, petty cash, the Trial Balance and the Accounting Equation.</li>\r\n</ul>', 'BTRN_1588686879.png', 1, '2020-05-05 12:54:39', '2020-05-05 12:54:39'),
(15, 'Bookkeeping Controls', '<p>This e-learning software will allow you to study &amp; revise for your final assessment efficiently in a structured format. To prepare you for the final assessment, each unit contains assignments and mock assessments. Between each assignment are study resources such as chapters from study books, videos, quizzes and helpsheets which allow you to gain the relevant knowledge to complete the online assignments. Below is what you will learn in this unit:</p>\r\n\r\n<ul>\r\n	<li><strong>Assignment 1:</strong>&nbsp;This covers Control Accounts and recording wages in the business&#39;s accounts.</li>\r\n	<li><strong>Assignment 2:</strong>&nbsp;Here you will learn about accounts which are used less frequently. You will also learn about the cash book, the bank statement and how to perform a bank reconciliation.</li>\r\n	<li><strong>Assignment 3:</strong>&nbsp;The final section of this unit covers Methods of Payment (such as BACS and payment cards. It also covers Journals and the Trial Balance (TB). You will also learn about suspense accounts.</li>\r\n</ul>', 'BKCL_1588687022.png', 1, '2020-05-05 12:57:02', '2020-05-05 12:57:02'),
(16, 'Elements of Costing', '<p>This e-learning software will allow you to study &amp; revise for your final assessment efficiently in a structured format. To prepare you for the final assessment, each unit contains assignments and mock assessments. Between each assignment are study resources such as chapters from study books, videos, quizzes and helpsheets which allow you to gain the relevant knowledge to complete the online assignments. Below is what you will learn in this unit:</p>\r\n\r\n<ul>\r\n	<li><strong>Assignment 1:</strong>&nbsp;This covers the costs and cost centres.</li>\r\n	<br />\r\n	<li><strong>Assignment 2:</strong>&nbsp;Here you will learn about material costs and labour costs.</li>\r\n	<br />\r\n	<li><strong>Assignment 3:</strong>&nbsp;This final section of this unit covers budgets, standard costs and spreadsheets.</li>\r\n</ul>', 'ELCO_1588687628.png', 1, '2020-05-05 13:07:08', '2020-05-05 13:07:08'),
(17, 'Work Effectively in Finance', '<p>This e-learning software will allow you to study &amp; revise for your final assessment efficiently in a structured format. To prepare you for the final assessment, each unit contains assignments and mock assessments. Between each assignment are study resources such as chapters from study books, videos, quizzes and helpsheets which allow you to gain the relevant knowledge to complete the online assignments. Below is what you will learn in this unit:</p>\r\n\r\n<ul>\r\n	<li>Assignment 1: This covers Accounting and Finance in the Workplace.\r\n	<p>- The Need for Efficient Accounting</p>\r\n\r\n	<p>- Company Policies and Procedures</p>\r\n\r\n	<p>- Ethics and Sustainability</p>\r\n	</li>\r\n	<li>Assignment 2: Here you will learn about working with numbers and presenting the data.</li>\r\n	<br />\r\n	<li>Assignment 3: This final section of this unit covers:\r\n	<p>- Methods of Communication</p>\r\n\r\n	<p>- Organising your own Work</p>\r\n\r\n	<p>- Methods of Communication</p>\r\n\r\n	<p>- Team Working</p>\r\n\r\n	<p>- Developing Skills and Knowledge</p>\r\n	</li>\r\n</ul>', 'WEFN_1588687785.png', 1, '2020-05-05 13:09:46', '2020-05-05 13:09:46'),
(18, 'Using Accounting Software', '<p>This e-learning software will allow you to study &amp; revise for your final assessment efficiently in a structured format. To prepare you for the final assessment, each unit contains assignments and mock assessments. Between each assignment are study resources such as chapters from study books, videos, quizzes and helpsheets which allow you to gain the relevant knowledge to complete the online assignments. Below is what you will learn in this unit:</p>\r\n\r\n<p><strong>Assignment 1 - This covers the following topics:</strong></p>\r\n\r\n<ul>\r\n	<li>Installing the software</li>\r\n	<li>Setting up a business</li>\r\n	<li>Entering new customers and suppliers</li>\r\n</ul>\r\n\r\n<p><strong>Assignment 2 - This covers the following topics:</strong></p>\r\n\r\n<ul>\r\n	<li>Invoicing and discounts</li>\r\n	<li>Batch invoices and credits</li>\r\n	<li>Customer receipts and supplier payments</li>\r\n	<li>Journals</li>\r\n	<li>Wages &amp; salaries</li>\r\n</ul>\r\n\r\n<p><strong>Assignment 3 - This covers the following topics:</strong></p>\r\n\r\n<ul>\r\n	<li>Cash transactions</li>\r\n	<li>Recurring entries - Bank reconciliation</li>\r\n	<li>Entering new customers and suppliers</li>\r\n	<li>Passwords to protect data</li>\r\n	<li>Computer health and safety</li>\r\n</ul>', 'UACS_1588687852.png', 1, '2020-05-05 13:10:52', '2020-05-05 13:10:52'),
(19, 'Advanced Bookkeeping', '<p>This e-learning software will allow you to study &amp; revise for your final assessment efficiently in a structured format. To prepare you for the final assessment, each unit contains assignments and mock assessments. Between each assignment are study resources such as chapters from study books, videos, quizzes and helpsheets which allow you to gain the relevant knowledge to complete the online assignments. Below is what you will learn in this unit:</p>\r\n\r\n<ul>\r\n	<li><strong>Assignment 1:</strong>&nbsp;This covers the principles of double entry and the trial balance.</li>\r\n	<br />\r\n	<li><strong>Assignment 2:</strong>&nbsp;Here you will learn about non-current assets and control accounts.</li>\r\n	<br />\r\n	<li><strong>Assignment 3:</strong>&nbsp;The final section of this unit covers the extended trial balance, correcting journals and the suspense account.</li>\r\n</ul>', 'AVBK_1588688954.png', 1, '2020-05-05 13:29:14', '2020-05-05 13:29:14'),
(20, 'Final Accounts Preparation', '<p>This e-learning software will allow you to study &amp; revise for your final assessment efficiently in a structured format. To prepare you for the final assessment, each unit contains assignments and mock assessments. Between each assignment are study resources such as chapters from study books, videos, quizzes and helpsheets which allow you to gain the relevant knowledge to complete the online assignments. Below is what you will learn in this unit:</p>\r\n\r\n<ul>\r\n	<li><strong>Assignment 1:</strong>&nbsp;In this chapter we will be looking at how businesses draw up their financial statements at the end of their financial year from a Trial Balance. We will look at various methods which can be used to find the missing information.</li>\r\n	<br />\r\n	<li><strong>Assignment 2:</strong>&nbsp;Here you we will be looking at year end adjustments</li>\r\n	<br />\r\n	<li><strong>Assignment 3:</strong>&nbsp;The final section of this unit we shall look at how partnerships draw up their financial statements.</li>\r\n</ul>', 'FAPR_1588689048.png', 1, '2020-05-05 13:30:48', '2020-05-05 13:30:48'),
(21, 'Management Accounting: Costing', '<p>This e-learning software will allow you to study &amp; revise for your final assessment efficiently in a structured format. To prepare you for the final assessment, each unit contains assignments and mock assessments. Between each assignment are study resources such as chapters from study books, videos, quizzes and helpsheets which allow you to gain the relevant knowledge to complete the online assignments. Below is what you will learn in this unit:</p>\r\n\r\n<ul>\r\n	<li><strong>Assignment 1:</strong>&nbsp;This covers an introduction to cost accounting</li>\r\n	<br />\r\n	<li><strong>Assignment 2:</strong>&nbsp;Here you will learn about methods of costing</li>\r\n	<br />\r\n	<li><strong>Assignment 3:</strong>&nbsp;The final section of this unit covers long-term decisions in business</li>\r\n</ul>', 'MMAC_1588689213.png', 1, '2020-05-05 13:33:33', '2020-05-05 13:33:33'),
(22, 'Indirect Tax', '<p>This e-learning software will allow you to study &amp; revise for your final assessment efficiently in a structured format. To prepare you for the final assessment, each unit contains assignments and mock assessments. Between each assignment are study resources such as chapters from study books, videos, quizzes and helpsheets which allow you to gain the relevant knowledge to complete the online assignments. Below is what you will learn in this unit:</p>\r\n\r\n<ul>\r\n	<li><strong>Assignment 1:</strong>&nbsp;This covers the how VAT is applied in the UK, VAT Invoices and Receipts and Special Conditions and Schemes</li>\r\n	<br />\r\n	<li><strong>Assignment 2:</strong>&nbsp;Here you will learn about trading with other countries.</li>\r\n	<br />\r\n	<li><strong>Assignment 3:</strong>&nbsp;The final section of this unit covers the VAT Return and the VAT control account VAT in business</li>\r\n</ul>', 'IDRX_1588689353.png', 1, '2020-05-05 13:35:53', '2020-05-05 13:35:53'),
(23, 'Spreadsheets for Accounting', '<p>This e-learning software will allow you to study &amp; revise for your final assessment efficiently in a structured format. To prepare you for the final assessment, each unit contains assignments and mock assessments. Between each assignment are study resources such as chapters from study books, videos, quizzes and helpsheets which allow you to gain the relevant knowledge to complete the online assignments. Below is what you will learn in this unit:</p>\r\n\r\n<ul>\r\n	<li><strong>Assignment 1:</strong>&nbsp;This covers the spreadsheet worksheets, spreadsheet basic maths and basic spreadsheet functions</li>\r\n	<br />\r\n	<li><strong>Assignment 2:</strong>&nbsp;Here you will about sorting, checking and improving data</li>\r\n	<br />\r\n	<li><strong>Assignment 3:</strong>&nbsp;The final section of this unit covers charts and pivot tables</li>\r\n</ul>', 'SPSH_1588689440.png', 1, '2020-05-05 13:37:20', '2020-05-05 13:37:20'),
(24, 'Ethics for Accountants', '<p>This e-learning software will allow you to study &amp; revise for your final assessment efficiently in a structured format. To prepare you for the final assessment, each unit contains assignments and mock assessments. Between each assignment are study resources such as chapters from study books, videos, quizzes and helpsheets which allow you to gain the relevant knowledge to complete the online assignments. Below is what you will learn in this unit:</p>\r\n\r\n<ul>\r\n	<li><strong>Assignment 1:</strong>&nbsp;This covers the principles of Ethics for Accountants.</li>\r\n	<br />\r\n	<li><strong>Assignment 2:</strong>&nbsp;Here you will learn about professional and technical competence.</li>\r\n	<br />\r\n	<li><strong>Assignment 3:</strong>&nbsp;The final section of this unit covers the codes of conduct, organisational values and sustainability.</li>\r\n</ul>', 'ETFA_1588689652.png', 1, '2020-05-05 13:40:52', '2020-05-05 13:40:52'),
(25, 'Advanced Diploma Synoptic Assessment', '<p>The advanced diploma synoptic assessment tests your understanding of connections between the different topics covered across the qualification, and should only be attempted once you&rsquo;ve completed all of the core units. These are:</p>\r\n\r\n<p>Advanced Bookkeeping (AVBK)<br />\r\nFinal Accounts Preparation (FAPR)<br />\r\nManagement Accounting: Costing (MMAC)<br />\r\nEthics for Accountants (ETFA)<br />\r\nSpreadsheets for Accounting (SPSH)</p>\r\n\r\n<p>The duration of the assessment is&nbsp;<strong>3 hours</strong>, which is split into 2 parts.</p>\r\n\r\n<p><strong>Part 1 (1 hour and 15 minutes)</strong></p>\r\n\r\n<p>This part of the assessment contains 3 tasks and tests your accounting knowledge with an emphasis in professional ethics.</p>\r\n\r\n<p><strong>Part 2 (1 hour and 45 minutes)</strong></p>\r\n\r\n<p>The second part of the assessment consists of 2 tasks and tests your accounting knowledge using spreadsheet software.</p>\r\n\r\n<p>An important feature of the advanced diploma synoptic assessment is that any unused time will not be transferable between parts. This means that once you have progressed to Part 2 you will not be able to return to Part 1 to review or amend your answers.</p>', 'ASYC_1588689732.png', 1, '2020-05-05 13:42:12', '2020-05-05 13:42:12'),
(26, 'Management Accounting: Budgeting', '<p>This e-learning software will allow you to study &amp; revise for your final assessment efficiently in a structured format. To prepare you for the final assessment, each unit contains assignments and mock assessments. Between each assignment are study resources such as chapters from study books, videos, quizzes and helpsheets which allow you to gain the relevant knowledge to complete the online assignments. Below is what you will learn in this unit:</p>\r\n\r\n<ul>\r\n	<li><strong>Assignment 1:</strong>&nbsp;This covers management accounting techniques, forecasting techniques</li>\r\n	<br />\r\n	<li><strong>Assignment 2:</strong>&nbsp;Here you will learn about functional budgets, master budgets and revising budgets</li>\r\n	<br />\r\n	<li><strong>Assignment 3:</strong>&nbsp;The final section of this unit covers monitoring &amp; controlling performance with budgets</li>\r\n</ul>', 'MABU_1588689895.png', 1, '2020-05-05 13:44:55', '2020-05-05 13:44:55'),
(27, 'Management Accounting: Decision and Control', '<p>This e-learning software will allow you to study &amp; revise for your final assessment efficiently in a structured format. To prepare you for the final assessment, each unit contains assignments and mock assessments. Between each assignment are study resources such as chapters from study books, videos, quizzes and helpsheets which allow you to gain the relevant knowledge to complete the online assignments. Below is what you will learn in this unit:</p>\r\n\r\n<ul>\r\n	<li><strong>Assignment 1:</strong>&nbsp;This covers management accounting techniques, Standard costing - directs costs, Standard costing - variable and fixed overheads</li>\r\n	<br />\r\n	<li><strong>Assignment 2:</strong>&nbsp;Here you will learn about statistical techniques, performance indicators</li>\r\n	<br />\r\n	<li><strong>Assignment 3:</strong>&nbsp;The final section of this unit covers decision making techniques and cost management techniques</li>\r\n</ul>', 'MDCL_1588689947.png', 1, '2020-05-05 13:45:47', '2020-05-05 13:45:47'),
(28, 'Financial Statements of Limited Companies', '<p>This e-learning software will allow you to study &amp; revise for your final assessment efficiently in a structured format. To prepare you for the final assessment, each unit contains assignments and mock assessments. Between each assignment are study resources such as chapters from study books, videos, quizzes and helpsheets which allow you to gain the relevant knowledge to complete the online assignments. Below is what you will learn in this unit:</p>\r\n\r\n<ul>\r\n	<li><strong>Assignment 1:</strong>&nbsp;This covers the purpose of financial statements, introduction to limited company financial statements and published financial statements of limited companies. It also covers accounting for assets and accounting for liabilities and the statement of profit or Loss.</li>\r\n	<br />\r\n	<li><strong>Assignment 2:</strong>&nbsp;Here you will learn about statistical techniques, performance indicators</li>\r\n	<br />\r\n	<li><strong>Assignment 3:</strong>&nbsp;The final section of this unit covers consolidated financial statements</li>\r\n</ul>', 'FSLC_1588689996.png', 1, '2020-05-05 13:46:36', '2020-05-05 13:46:36'),
(29, 'Accounting Systems and Controls', '<p>This e-learning software will allow you to study &amp; revise for your final assessment efficiently in a structured format. To prepare you for the final assessment, each unit contains assignments and mock assessments. Between each assignment are study resources such as chapters from study books, videos, quizzes and helpsheets which allow you to gain the relevant knowledge to complete the online assignments. Below is what you will learn in this unit:</p>\r\n\r\n<ul>\r\n	<li><strong>Assignment 1:</strong>&nbsp;This covers an introduction to accounting systems &amp; controls and and how the accounting function works</li>\r\n	<br />\r\n	<li><strong>Assignment 2:</strong>&nbsp;Here you will learn about stakeholders and their information needs and fraud in internal control systems</li>\r\n	<br />\r\n	<li><strong>Assignment 3:</strong>&nbsp;The final section of this unit covers effective accounting systems, evaluation / review of an accounting system and recommendations / making changes</li>\r\n</ul>', 'ASYC_1588690096.png', 1, '2020-05-05 13:48:16', '2020-05-05 13:48:16'),
(30, 'Professional Diploma Synoptic Assessment', '<p>The PDSY synoptic professional level assessment forms part of the Professional Diploma in Accounting. It is designed to enable students to apply knowledge and skills gained across the mandatory units of the qualification in an integrated way.</p>\r\n\r\n<p>It is important that you familiarise yourself with the material before sitting the assessment. This assessment is challenging and will focus heavily on the extended writing tasks which require the knowledge and skills to analysis, evaluate, justify and make recommendations in a professional format to allow management to make informed decisions to meet statutory requirements.</p>', 'PDSY_1588691345.png', 1, '2020-05-05 14:09:05', '2020-05-05 14:09:05'),
(31, 'Personal Tax', '<p>This e-learning software will allow you to study &amp; revise for your final assessment efficiently in a structured format. To prepare you for the final assessment, each unit contains assignments and mock assessments. Between each assignment are study resources such as chapters from study books, videos, quizzes and helpsheets which allow you to gain the relevant knowledge to complete the online assignments. Below is what you will learn in this unit:</p>\r\n\r\n<ul>\r\n	<li><strong>Assignment 1:</strong>&nbsp;This covers: An Introduction to Taxation, Income from Employment, Benefits in Kind (Cars), Benefits in Kind (Other) and Allowable Expenses.</li>\r\n	<br />\r\n	<li><strong>Assignment 2:</strong>&nbsp;Here you will learn about: Property Income, Savings and Dividend Income and The Tax Calculation.</li>\r\n	<br />\r\n	<li><strong>Assignment 3:</strong>&nbsp;The final section of this unit covers: Capital Gains Tax, Inheritance Tax, Paying Tax, National Insurance and Tax Administration.</li>\r\n</ul>', 'PLTX_1588691728.png', 1, '2020-05-05 14:15:28', '2020-05-05 14:15:28'),
(32, 'Business Tax', '<p>This e-learning software will allow you to study &amp; revise for your final assessment efficiently in a structured format. To prepare you for the final assessment, each unit contains assignments and mock assessments. Between each assignment are study resources such as chapters from study books, videos, quizzes and helpsheets which allow you to gain the relevant knowledge to complete the online assignments. Below is what you will learn in this unit:</p>\r\n\r\n<ul>\r\n	<li><strong>Assignment 1:</strong>&nbsp;Covers the following chapters: An Introduction to Business Taxation, Income From Self-Employment, Basis Periods, Capital Allowances, Losses for Sole Traders and Partnerships, Partnerships, National Insurance, The Tax Return for the Self-Employed and Partnerships.</li>\r\n	<br />\r\n	<li><strong>Assignment 2:</strong>&nbsp;Here, you will learn how to: Analyse Trading Profits and Losses for Tax Purposes, Calculate Capital Allowances for Limited Companies, Calculate Taxable Total Profits (TTP) and Corporation Tax Payable, and learn about the Corporation Tax Return - Filing, Payment and Penalties.</li>\r\n	<br />\r\n	<li><strong>Assignment 3:</strong>&nbsp;The final section of this unit covers: Capital Gains Tax for Individuals, Capital Gains Tax for Limited Companies, Responsibilities of the Tax Advisor and Key Issues in Taxation.</li>\r\n</ul>', 'BSTX_1588691853.png', 1, '2020-05-05 14:17:33', '2020-05-05 14:17:33');

-- --------------------------------------------------------

--
-- Table structure for table `users`
--

CREATE TABLE `users` (
  `id` bigint(20) UNSIGNED NOT NULL,
  `email` varchar(255) COLLATE utf8mb4_unicode_ci NOT NULL,
  `email_verified_at` timestamp NULL DEFAULT NULL,
  `password` varchar(255) COLLATE utf8mb4_unicode_ci NOT NULL,
  `first_name` varchar(255) COLLATE utf8mb4_unicode_ci NOT NULL,
  `last_name` varchar(255) COLLATE utf8mb4_unicode_ci NOT NULL,
  `status` int(11) NOT NULL,
  `permission` int(11) NOT NULL,
  `remember_token` varchar(100) COLLATE utf8mb4_unicode_ci DEFAULT NULL,
  `created_at` timestamp NULL DEFAULT NULL,
  `updated_at` timestamp NULL DEFAULT NULL
) ENGINE=InnoDB DEFAULT CHARSET=utf8mb4 COLLATE=utf8mb4_unicode_ci;

--
-- Dumping data for table `users`
--

INSERT INTO `users` (`id`, `email`, `email_verified_at`, `password`, `first_name`, `last_name`, `status`, `permission`, `remember_token`, `created_at`, `updated_at`) VALUES
(2, 'kalvin231995@gmail.com', NULL, '$2y$10$y6AY9HXlzb8So7z5bUPSWuTSI/I.Rm.Qv6E0xusIOpGsY7JKXkbr.', 'Kalvin', 'McKenna', 1, 2, NULL, '2020-05-02 21:36:24', '2020-05-17 21:32:39'),
(3, 'jordan@gmail.com', NULL, '$2y$10$RXJI7wugzGxcU1Xk06vEVODpL.GF.t50NavieUGwuppNI.mHYns3q', 'Jordan', 'Powell', 1, 1, NULL, '2020-05-05 22:20:13', '2020-05-05 22:20:13'),
(5, 'chazz@gmail.com', NULL, '$2y$10$CRb3IPoRz6jBLu72tdeb3ukyzvRKfOL5q9r/rF5ssNmaYC8Emg97m', 'Chazz', 'Edwards', 1, 1, NULL, '2020-05-12 14:17:52', '2020-05-12 14:17:52'),
(8, 'james@premiertraining.co.uk', NULL, '$2y$10$GO0t7KoWpEJ1cqGSXZrycOcJLxumdOS4siJqPl86S5bOWD37dulv6', 'James', 'Taylor', 1, 2, 'P78sWQmgmbXHj2lJnkgWo88GcjiYcBSjnGe4wDxOKH5jJgNtqND9JUHjcPRN', '2020-05-13 22:57:02', '2020-05-19 08:41:36'),
(9, 'peter@premiertraining.co.uk', NULL, '$2y$10$8fM0l9bqtd0A6zLYCDMwxeoM6m4wZ5PGZ4xPLlnopZf2RXAWTkDry', 'Peter', 'Clarke', 1, 2, 'wNCFhfm16j8weamzbSOvgWmYGuvFYKtwWEbaAwJOVGHE9sjlSky2doRfQRwW', '2020-05-25 17:19:17', '2020-05-25 17:19:17'),
(10, 'alexandra@premiertraining.co.uk', NULL, '$2y$10$76C7Mkgbj7K//PNs1dqBKOj.3s7KUgAsHqfkpY/IJI23szrUk8YQi', 'Alexandra', 'Neadley', 1, 1, NULL, '2020-05-25 17:20:13', '2020-05-25 17:20:13');

-- --------------------------------------------------------

--
-- Table structure for table `user_assignments`
--

CREATE TABLE `user_assignments` (
  `id` bigint(20) UNSIGNED NOT NULL,
  `user_id` int(11) NOT NULL,
  `assignment_id` int(11) NOT NULL,
  `result_type_id` int(11) NOT NULL,
  `created_at` timestamp NULL DEFAULT NULL,
  `updated_at` timestamp NULL DEFAULT NULL
) ENGINE=InnoDB DEFAULT CHARSET=utf8mb4 COLLATE=utf8mb4_unicode_ci;

--
-- Dumping data for table `user_assignments`
--

INSERT INTO `user_assignments` (`id`, `user_id`, `assignment_id`, `result_type_id`, `created_at`, `updated_at`) VALUES
(1, 8, 6, 1, '2020-05-15 23:50:15', '2020-05-16 00:21:23'),
(3, 8, 7, 2, '2020-05-16 00:26:44', '2020-05-16 00:26:44'),
(4, 8, 8, 3, '2020-05-16 00:26:49', '2020-05-16 00:26:49'),
(6, 10, 1, 1, '2020-05-25 19:10:01', '2020-05-25 19:10:01'),
(7, 10, 2, 2, '2020-05-31 08:05:20', '2020-05-31 08:05:20'),
(8, 9, 1, 1, '2020-07-05 12:26:36', '2020-07-05 12:26:36');

-- --------------------------------------------------------

--
-- Table structure for table `user_courses`
--

CREATE TABLE `user_courses` (
  `id` bigint(20) UNSIGNED NOT NULL,
  `user_id` int(11) NOT NULL,
  `course_id` int(11) NOT NULL,
  `created_at` timestamp NULL DEFAULT NULL,
  `updated_at` timestamp NULL DEFAULT NULL
) ENGINE=InnoDB DEFAULT CHARSET=utf8mb4 COLLATE=utf8mb4_unicode_ci;

--
-- Dumping data for table `user_courses`
--

INSERT INTO `user_courses` (`id`, `user_id`, `course_id`, `created_at`, `updated_at`) VALUES
(1, 5, 1, '2020-05-12 14:17:52', '2020-05-12 14:17:52'),
(8, 8, 2, '2020-05-19 07:34:28', '2020-05-19 07:34:28'),
(9, 8, 3, '2020-05-19 07:34:31', '2020-05-19 07:34:31'),
(10, 3, 1, '2020-05-19 14:32:44', '2020-05-19 14:32:44'),
(11, 8, 1, '2020-05-20 20:51:22', '2020-05-20 20:51:22'),
(12, 9, 1, '2020-05-25 17:19:17', '2020-05-25 17:19:17'),
(13, 10, 1, '2020-05-25 17:20:13', '2020-05-25 17:20:13'),
(14, 10, 2, '2020-05-31 08:06:04', '2020-05-31 08:06:04');

-- --------------------------------------------------------

--
-- Table structure for table `versions`
--

CREATE TABLE `versions` (
  `id` bigint(20) UNSIGNED NOT NULL,
  `name` varchar(255) COLLATE utf8mb4_unicode_ci NOT NULL,
  `status` int(11) NOT NULL,
  `created_at` timestamp NULL DEFAULT NULL,
  `updated_at` timestamp NULL DEFAULT NULL
) ENGINE=InnoDB DEFAULT CHARSET=utf8mb4 COLLATE=utf8mb4_unicode_ci;

--
-- Dumping data for table `versions`
--

INSERT INTO `versions` (`id`, `name`, `status`, `created_at`, `updated_at`) VALUES
(1, 'AQ2016', 1, '2020-05-03 15:30:29', '2020-05-03 15:36:02');

--
-- Indexes for dumped tables
--

--
-- Indexes for table `assignments`
--
ALTER TABLE `assignments`
  ADD PRIMARY KEY (`id`);

--
-- Indexes for table `assignment_helpsheets`
--
ALTER TABLE `assignment_helpsheets`
  ADD PRIMARY KEY (`id`);

--
-- Indexes for table `assignment_resources`
--
ALTER TABLE `assignment_resources`
  ADD PRIMARY KEY (`id`);

--
-- Indexes for table `assignment_types`
--
ALTER TABLE `assignment_types`
  ADD PRIMARY KEY (`id`),
  ADD UNIQUE KEY `assignment_types_name_unique` (`name`);

--
-- Indexes for table `courses`
--
ALTER TABLE `courses`
  ADD PRIMARY KEY (`id`);

--
-- Indexes for table `course_units`
--
ALTER TABLE `course_units`
  ADD PRIMARY KEY (`id`);

--
-- Indexes for table `helpsheets`
--
ALTER TABLE `helpsheets`
  ADD PRIMARY KEY (`id`);

--
-- Indexes for table `migrations`
--
ALTER TABLE `migrations`
  ADD PRIMARY KEY (`id`);

--
-- Indexes for table `password_resets`
--
ALTER TABLE `password_resets`
  ADD KEY `password_resets_email_index` (`email`);

--
-- Indexes for table `professional_bodies`
--
ALTER TABLE `professional_bodies`
  ADD PRIMARY KEY (`id`),
  ADD UNIQUE KEY `professional_bodies_name_unique` (`name`);

--
-- Indexes for table `resources`
--
ALTER TABLE `resources`
  ADD PRIMARY KEY (`id`);

--
-- Indexes for table `resource_types`
--
ALTER TABLE `resource_types`
  ADD PRIMARY KEY (`id`),
  ADD UNIQUE KEY `resource_types_name_unique` (`name`);

--
-- Indexes for table `result_types`
--
ALTER TABLE `result_types`
  ADD PRIMARY KEY (`id`),
  ADD UNIQUE KEY `result_types_name_unique` (`name`);

--
-- Indexes for table `units`
--
ALTER TABLE `units`
  ADD PRIMARY KEY (`id`);

--
-- Indexes for table `users`
--
ALTER TABLE `users`
  ADD PRIMARY KEY (`id`),
  ADD UNIQUE KEY `users_email_unique` (`email`);

--
-- Indexes for table `user_assignments`
--
ALTER TABLE `user_assignments`
  ADD PRIMARY KEY (`id`);

--
-- Indexes for table `user_courses`
--
ALTER TABLE `user_courses`
  ADD PRIMARY KEY (`id`);

--
-- Indexes for table `versions`
--
ALTER TABLE `versions`
  ADD PRIMARY KEY (`id`),
  ADD UNIQUE KEY `versions_name_unique` (`name`);

--
-- AUTO_INCREMENT for dumped tables
--

--
-- AUTO_INCREMENT for table `assignments`
--
ALTER TABLE `assignments`
  MODIFY `id` bigint(20) UNSIGNED NOT NULL AUTO_INCREMENT, AUTO_INCREMENT=55;

--
-- AUTO_INCREMENT for table `assignment_helpsheets`
--
ALTER TABLE `assignment_helpsheets`
  MODIFY `id` bigint(20) UNSIGNED NOT NULL AUTO_INCREMENT, AUTO_INCREMENT=105;

--
-- AUTO_INCREMENT for table `assignment_resources`
--
ALTER TABLE `assignment_resources`
  MODIFY `id` bigint(20) UNSIGNED NOT NULL AUTO_INCREMENT, AUTO_INCREMENT=428;

--
-- AUTO_INCREMENT for table `assignment_types`
--
ALTER TABLE `assignment_types`
  MODIFY `id` bigint(20) UNSIGNED NOT NULL AUTO_INCREMENT, AUTO_INCREMENT=3;

--
-- AUTO_INCREMENT for table `courses`
--
ALTER TABLE `courses`
  MODIFY `id` bigint(20) UNSIGNED NOT NULL AUTO_INCREMENT, AUTO_INCREMENT=6;

--
-- AUTO_INCREMENT for table `course_units`
--
ALTER TABLE `course_units`
  MODIFY `id` bigint(20) UNSIGNED NOT NULL AUTO_INCREMENT, AUTO_INCREMENT=37;

--
-- AUTO_INCREMENT for table `helpsheets`
--
ALTER TABLE `helpsheets`
  MODIFY `id` bigint(20) UNSIGNED NOT NULL AUTO_INCREMENT, AUTO_INCREMENT=82;

--
-- AUTO_INCREMENT for table `migrations`
--
ALTER TABLE `migrations`
  MODIFY `id` int(10) UNSIGNED NOT NULL AUTO_INCREMENT, AUTO_INCREMENT=22;

--
-- AUTO_INCREMENT for table `professional_bodies`
--
ALTER TABLE `professional_bodies`
  MODIFY `id` bigint(20) UNSIGNED NOT NULL AUTO_INCREMENT, AUTO_INCREMENT=4;

--
-- AUTO_INCREMENT for table `resources`
--
ALTER TABLE `resources`
  MODIFY `id` bigint(20) UNSIGNED NOT NULL AUTO_INCREMENT, AUTO_INCREMENT=395;

--
-- AUTO_INCREMENT for table `resource_types`
--
ALTER TABLE `resource_types`
  MODIFY `id` bigint(20) UNSIGNED NOT NULL AUTO_INCREMENT, AUTO_INCREMENT=4;

--
-- AUTO_INCREMENT for table `result_types`
--
ALTER TABLE `result_types`
  MODIFY `id` bigint(20) UNSIGNED NOT NULL AUTO_INCREMENT, AUTO_INCREMENT=5;

--
-- AUTO_INCREMENT for table `units`
--
ALTER TABLE `units`
  MODIFY `id` bigint(20) UNSIGNED NOT NULL AUTO_INCREMENT, AUTO_INCREMENT=33;

--
-- AUTO_INCREMENT for table `users`
--
ALTER TABLE `users`
  MODIFY `id` bigint(20) UNSIGNED NOT NULL AUTO_INCREMENT, AUTO_INCREMENT=11;

--
-- AUTO_INCREMENT for table `user_assignments`
--
ALTER TABLE `user_assignments`
  MODIFY `id` bigint(20) UNSIGNED NOT NULL AUTO_INCREMENT, AUTO_INCREMENT=9;

--
-- AUTO_INCREMENT for table `user_courses`
--
ALTER TABLE `user_courses`
  MODIFY `id` bigint(20) UNSIGNED NOT NULL AUTO_INCREMENT, AUTO_INCREMENT=15;

--
-- AUTO_INCREMENT for table `versions`
--
ALTER TABLE `versions`
  MODIFY `id` bigint(20) UNSIGNED NOT NULL AUTO_INCREMENT, AUTO_INCREMENT=2;
COMMIT;

/*!40101 SET CHARACTER_SET_CLIENT=@OLD_CHARACTER_SET_CLIENT */;
/*!40101 SET CHARACTER_SET_RESULTS=@OLD_CHARACTER_SET_RESULTS */;
/*!40101 SET COLLATION_CONNECTION=@OLD_COLLATION_CONNECTION */;
